15/12/2020 19:11:21.943,1100159,TILEBOX @320F57,32565,A0016EFE1F03,416,-402,799
15/12/2020 19:11:21.943,1100160,TILEBOX @320F57,32567,D6019CFE4403,470,-356,836
15/12/2020 19:11:21.993,1100177,TILEBOX @320F57,32572,EB01C0FE6303,491,-320,867
15/12/2020 19:11:21.993,1100177,TILEBOX @320F57,32569,EC01BAFE5F03,492,-326,863
15/12/2020 19:11:22.013,1100197,TILEBOX @320F57,32574,1002C3FE5003,528,-317,848
15/12/2020 19:11:22.033,1100219,TILEBOX @320F57,32577,6502D2FE5603,613,-302,854
15/12/2020 19:11:22.054,1100238,TILEBOX @320F57,32581,87021CFF6D03,647,-228,877
15/12/2020 19:11:22.054,1100239,TILEBOX @320F57,32579,9C02EFFE7103,668,-273,881
15/12/2020 19:11:22.143,1100327,TILEBOX @320F57,32584,43023EFF5D03,579,-194,861
15/12/2020 19:11:22.143,1100327,TILEBOX @320F57,32586,250259FF7303,549,-167,883
15/12/2020 19:11:22.173,1100358,TILEBOX @320F57,32591,F80184FFB803,504,-124,952
15/12/2020 19:11:22.173,1100358,TILEBOX @320F57,32589,0F026EFF9403,527,-146,916
15/12/2020 19:11:22.193,1100377,TILEBOX @320F57,32596,F701B4FFC303,503,-76,963
15/12/2020 19:11:22.193,1100377,TILEBOX @320F57,32598,E301D8FFB303,483,-40,947
15/12/2020 19:11:22.193,1100378,TILEBOX @320F57,32593,05029EFFCC03,517,-98,972
15/12/2020 19:11:22.213,1100397,TILEBOX @320F57,32600,06020000A103,518,0,929
15/12/2020 19:11:22.233,1100417,TILEBOX @320F57,32605,FA012D006B03,506,45,875
15/12/2020 19:11:22.233,1100419,TILEBOX @320F57,32603,10021C008B03,528,28,907
15/12/2020 19:11:22.263,1100447,TILEBOX @320F57,32608,0B023B006203,523,59,866
15/12/2020 19:11:22.293,1100477,TILEBOX @320F57,32610,140259008103,532,89,897
15/12/2020 19:11:22.312,1100496,TILEBOX @320F57,32612,EC018A00A603,492,138,934
15/12/2020 19:11:22.332,1100516,TILEBOX @320F57,32617,AC01C100C403,428,193,964
15/12/2020 19:11:22.332,1100517,TILEBOX @320F57,32615,EC018A00A603,492,138,934
15/12/2020 19:11:22.353,1100537,TILEBOX @320F57,32619,6D01F000C903,365,240,969
15/12/2020 19:11:22.383,1100567,TILEBOX @320F57,32622,49010C01AD03,329,268,941
15/12/2020 19:11:22.403,1100587,TILEBOX @320F57,32624,4A010B01A203,330,267,930
15/12/2020 19:11:22.423,1100607,TILEBOX @320F57,32627,45010601A303,325,262,931
15/12/2020 19:11:22.443,1100627,TILEBOX @320F57,32631,30012301A003,304,291,928
15/12/2020 19:11:22.443,1100628,TILEBOX @320F57,32629,36010D019703,310,269,919
15/12/2020 19:11:22.473,1100657,TILEBOX @320F57,32636,040159017D03,260,345,893
15/12/2020 19:11:22.473,1100658,TILEBOX @320F57,32634,1C014101A103,284,321,929
15/12/2020 19:11:22.503,1100687,TILEBOX @320F57,32639,0E0172016D03,270,370,877
15/12/2020 19:11:22.533,1100717,TILEBOX @320F57,32641,1E018A017E03,286,394,894
15/12/2020 19:11:22.553,1100737,TILEBOX @320F57,32643,0C0197018903,268,407,905
15/12/2020 19:11:22.573,1100757,TILEBOX @320F57,32646,EE009F018703,238,415,903
15/12/2020 19:11:22.593,1100777,TILEBOX @320F57,32648,C800B3017D03,200,435,893
15/12/2020 19:11:22.623,1100807,TILEBOX @320F57,32653,A400CC016B03,164,460,875
15/12/2020 19:11:22.623,1100808,TILEBOX @320F57,32650,A700C4016C03,167,452,876
15/12/2020 19:11:22.643,1100826,TILEBOX @320F57,32655,9000DC017403,144,476,884
15/12/2020 19:11:22.663,1100847,TILEBOX @320F57,32658,8200EF015803,130,495,856
15/12/2020 19:11:22.683,1100867,TILEBOX @320F57,32660,8000FF012303,128,511,803
15/12/2020 19:11:22.683,1100869,TILEBOX @320F57,32662,500000020A03,80,512,778
15/12/2020 19:11:22.713,1100897,TILEBOX @320F57,32665,0A00F301F102,10,499,753
15/12/2020 19:11:22.743,1100927,TILEBOX @320F57,32667,D1FFFA01B102,-47,506,689
15/12/2020 19:11:22.763,1100946,TILEBOX @320F57,32669,D1FF1C026502,-47,540,613
15/12/2020 19:11:22.783,1100967,TILEBOX @320F57,32672,B4FF1C026502,-76,540,613
15/12/2020 19:11:22.783,1100970,TILEBOX @320F57,32674,A5FF46021A02,-91,582,538
15/12/2020 19:11:22.808,1100993,TILEBOX @320F57,32677,7BFF5B02D301,-133,603,467
15/12/2020 19:11:22.863,1101047,TILEBOX @320F57,32679,58FF6C028D01,-168,620,397
15/12/2020 19:11:22.883,1101069,TILEBOX @320F57,32681,0BFFA8024D01,-245,680,333
15/12/2020 19:11:22.883,1101070,TILEBOX @320F57,32684,96FE07031201,-362,775,274
15/12/2020 19:11:22.883,1101070,TILEBOX @320F57,32686,20FE7103D500,-480,881,213
15/12/2020 19:11:22.909,1101092,TILEBOX @320F57,32689,6BFDA8039700,-661,936,151
15/12/2020 19:11:22.929,1101113,TILEBOX @320F57,32691,DAFCE2035200,-806,994,82
15/12/2020 19:11:22.950,1101134,TILEBOX @320F57,32693,1DFD3E040E00,-739,1086,14
15/12/2020 19:11:22.971,1101156,TILEBOX @320F57,32696,5EFD2B04F0FF,-674,1067,-16
15/12/2020 19:11:22.992,1101176,TILEBOX @320F57,32698,08FDE203C5FF,-760,994,-59
15/12/2020 19:11:23.012,1101196,TILEBOX @320F57,32700,BEFCAF0388FF,-834,943,-120
15/12/2020 19:11:23.033,1101217,TILEBOX @320F57,32703,BAFC52036FFF,-838,850,-145
15/12/2020 19:11:23.054,1101238,TILEBOX @320F57,32708,36FD9302C6FE,-714,659,-314
15/12/2020 19:11:23.054,1101238,TILEBOX @320F57,32705,EEFCE2022BFF,-786,738,-213
15/12/2020 19:11:23.075,1101259,TILEBOX @320F57,32712,51FD3A02CFFE,-687,570,-305
15/12/2020 19:11:23.075,1101260,TILEBOX @320F57,32710,5DFD6002B1FE,-675,608,-335
15/12/2020 19:11:23.103,1101287,TILEBOX @320F57,32715,72FD2E02BEFE,-654,558,-322
15/12/2020 19:11:23.133,1101317,TILEBOX @320F57,32717,97FD4402ADFE,-617,580,-339
15/12/2020 19:11:23.154,1101338,TILEBOX @320F57,32719,86FD5B02BDFE,-634,603,-323
15/12/2020 19:11:23.176,1101360,TILEBOX @320F57,32722,72FD5902B9FE,-654,601,-327
15/12/2020 19:11:23.223,1101407,TILEBOX @320F57,32724,46FD4602AFFE,-698,582,-337
15/12/2020 19:11:23.243,1101427,TILEBOX @320F57,32729,27FD31027FFE,-729,561,-385
15/12/2020 19:11:23.243,1101427,TILEBOX @320F57,32731,2DFD270241FE,-723,551,-447
15/12/2020 19:11:23.243,1101428,TILEBOX @320F57,32727,46FD4602AFFE,-698,582,-337
15/12/2020 19:11:23.283,1101467,TILEBOX @320F57,32734,07FD230246FE,-761,547,-442
15/12/2020 19:11:23.304,1101487,TILEBOX @320F57,32739,AFFC41024BFE,-849,577,-437
15/12/2020 19:11:23.303,1101488,TILEBOX @320F57,32736,CCFC2A024BFE,-820,554,-437
15/12/2020 19:11:23.325,1101508,TILEBOX @320F57,32743,D7FC4D021AFE,-809,589,-486
15/12/2020 19:11:23.324,1101509,TILEBOX @320F57,32741,A8FC54024FFE,-856,596,-433
15/12/2020 19:11:23.345,1101529,TILEBOX @320F57,32746,37FD3E02D6FD,-713,574,-554
15/12/2020 19:11:23.373,1101557,TILEBOX @320F57,32748,A0FD3102CBFD,-608,561,-565
15/12/2020 19:11:23.403,1101587,TILEBOX @320F57,32753,DDFD490268FD,-547,585,-664
15/12/2020 19:11:23.403,1101587,TILEBOX @320F57,32750,DEFD3402CCFD,-546,564,-564
15/12/2020 19:11:23.433,1101617,TILEBOX @320F57,32755,FDFD7E02CFFC,-515,638,-817
15/12/2020 19:11:23.454,1101637,TILEBOX @320F57,32758,4AFE950298FC,-438,661,-872
15/12/2020 19:11:23.475,1101658,TILEBOX @320F57,32762,1BFE2402B7FC,-485,548,-841
15/12/2020 19:11:23.475,1101659,TILEBOX @320F57,32760,57FE6802A8FC,-425,616,-856
15/12/2020 19:11:23.496,1101679,TILEBOX @320F57,32765,0DFEE501B3FC,-499,485,-845
15/12/2020 19:11:23.523,1101707,TILEBOX @320F57,32767,34FEBD01A2FC,-460,445,-862
15/12/2020 19:11:23.523,1101708,TILEBOX @320F57,32769,73FE97015EFC,-397,407,-930
15/12/2020 19:11:23.553,1101737,TILEBOX @320F57,32772,A9FE7E0146FC,-343,382,-954
15/12/2020 19:11:23.583,1101767,TILEBOX @320F57,32774,CEFE650177FC,-306,357,-905
15/12/2020 19:11:23.604,1101788,TILEBOX @320F57,32776,26FF4801BBFC,-218,328,-837
15/12/2020 19:11:23.625,1101809,TILEBOX @320F57,32781,59FF6C011FFD,-167,364,-737
15/12/2020 19:11:23.625,1101809,TILEBOX @320F57,32779,59FF6C011FFD,-167,364,-737
15/12/2020 19:11:23.646,1101829,TILEBOX @320F57,32784,1BFFC70130FD,-229,455,-720
15/12/2020 19:11:23.673,1101857,TILEBOX @320F57,32786,E5FE090241FD,-283,521,-703
15/12/2020 19:11:23.673,1101857,TILEBOX @320F57,32788,2DFF1A0250FD,-211,538,-688
15/12/2020 19:11:23.703,1101887,TILEBOX @320F57,32791,65FF0D0246FD,-155,525,-698
15/12/2020 19:11:23.763,1101947,TILEBOX @320F57,32793,A4FF13027FFD,-92,531,-641
15/12/2020 19:11:23.783,1101967,TILEBOX @320F57,32798,BEFF5D02DBFD,-66,605,-549
15/12/2020 19:11:23.783,1101970,TILEBOX @320F57,32795,DDFF3002B7FD,-35,560,-585
15/12/2020 19:11:23.783,1101970,TILEBOX @320F57,32800,87FF8C02DCFD,-121,652,-548
15/12/2020 19:11:23.804,1101988,TILEBOX @320F57,32803,E1FFB3027FFD,-31,691,-641
15/12/2020 19:11:23.824,1102008,TILEBOX @320F57,32807,4700140330FD,71,788,-720
15/12/2020 19:11:23.824,1102008,TILEBOX @320F57,32805,8F00E90231FD,143,745,-719
15/12/2020 19:11:23.853,1102037,TILEBOX @320F57,32810,F6FF02030DFD,-10,770,-755
15/12/2020 19:11:23.883,1102067,TILEBOX @320F57,32812,0100D9021CFD,1,729,-740
15/12/2020 19:11:23.903,1102087,TILEBOX @320F57,32814,2700D30251FD,39,723,-687
15/12/2020 19:11:23.924,1102108,TILEBOX @320F57,32819,1200000370FD,18,768,-656
15/12/2020 19:11:23.924,1102108,TILEBOX @320F57,32817,5300E80267FD,83,744,-665
15/12/2020 19:11:23.946,1102130,TILEBOX @320F57,32822,D4FF080347FD,-44,776,-697
15/12/2020 19:11:23.973,1102158,TILEBOX @320F57,32824,56FF1D0336FD,-170,797,-714
15/12/2020 19:11:23.995,1102179,TILEBOX @320F57,32826,3DFF160349FD,-195,790,-695
15/12/2020 19:11:24.016,1102200,TILEBOX @320F57,32829,77FFF4027FFD,-137,756,-641
15/12/2020 19:11:24.060,1102244,TILEBOX @320F57,32831,62FFD602B3FD,-158,726,-589
15/12/2020 19:11:24.060,1102245,TILEBOX @320F57,32833,5EFFB402C5FD,-162,692,-571
15/12/2020 19:11:24.095,1102279,TILEBOX @320F57,32836,5EFFB402C5FD,-162,692,-571
15/12/2020 19:11:24.116,1102300,TILEBOX @320F57,32841,7CFF8002EBFD,-132,640,-533
15/12/2020 19:11:24.116,1102300,TILEBOX @320F57,32838,80FF9102DAFD,-128,657,-550
15/12/2020 19:11:24.153,1102337,TILEBOX @320F57,32843,8DFF8A02E6FD,-115,650,-538
15/12/2020 19:11:24.174,1102358,TILEBOX @320F57,32845,F1FF9702A6FD,-15,663,-602
15/12/2020 19:11:24.174,1102358,TILEBOX @320F57,32848,2A00AF025BFD,42,687,-677
15/12/2020 19:11:24.174,1102358,TILEBOX @320F57,32850,6700D1022BFD,103,721,-725
15/12/2020 19:11:24.213,1102397,TILEBOX @320F57,32852,5200EB02EFFC,82,747,-785
15/12/2020 19:11:24.243,1102427,TILEBOX @320F57,32855,F7FF0603B0FC,-9,774,-848
15/12/2020 19:11:24.263,1102447,TILEBOX @320F57,32860,B0FF4003CDFC,-80,832,-819
15/12/2020 19:11:24.263,1102447,TILEBOX @320F57,32857,CEFF290394FC,-50,809,-876
15/12/2020 19:11:24.285,1102469,TILEBOX @320F57,32864,99FF2E0389FD,-103,814,-631
15/12/2020 19:11:24.285,1102469,TILEBOX @320F57,32862,84FF3E0346FD,-124,830,-698
15/12/2020 19:11:24.305,1102490,TILEBOX @320F57,32867,E4FF050359FD,-28,773,-679
15/12/2020 19:11:24.305,1102490,TILEBOX @320F57,32869,2100CF0226FD,33,719,-730
15/12/2020 19:11:24.363,1102547,TILEBOX @320F57,32871,4100D00208FD,65,720,-760
15/12/2020 19:11:24.384,1102569,TILEBOX @320F57,32876,0F000A03F8FC,15,778,-776
15/12/2020 19:11:24.384,1102570,TILEBOX @320F57,32874,3700F402DFFC,55,756,-801
15/12/2020 19:11:24.405,1102589,TILEBOX @320F57,32878,030004032CFD,3,772,-724
15/12/2020 19:11:24.426,1102610,TILEBOX @320F57,32881,FEFFEE025DFD,-2,750,-675
15/12/2020 19:11:24.426,1102610,TILEBOX @320F57,32883,C1FFDB027AFD,-63,731,-646
15/12/2020 19:11:24.453,1102637,TILEBOX @320F57,32888,4700E7027FFD,71,743,-641
15/12/2020 19:11:24.453,1102641,TILEBOX @320F57,32886,EBFFD30260FD,-21,723,-672
15/12/2020 19:11:24.483,1102667,TILEBOX @320F57,32890,4700E7027FFD,71,743,-641
15/12/2020 19:11:24.513,1102697,TILEBOX @320F57,32893,4000E302DBFD,64,739,-549
15/12/2020 19:11:24.513,1102697,TILEBOX @320F57,32895,2800BD021BFE,40,701,-485
15/12/2020 19:11:24.543,1102727,TILEBOX @320F57,32897,0800BC02F5FD,8,700,-523
15/12/2020 19:11:24.603,1102787,TILEBOX @320F57,32900,0000CA025AFD,0,714,-678
15/12/2020 19:11:24.624,1102807,TILEBOX @320F57,32902,BBFFD102C8FC,-69,721,-824
15/12/2020 19:11:24.624,1102808,TILEBOX @320F57,32907,2F00CE02A0FC,47,718,-864
15/12/2020 19:11:24.624,1102808,TILEBOX @320F57,32904,A8FFDE0286FC,-88,734,-890
15/12/2020 19:11:24.644,1102828,TILEBOX @320F57,32909,CF00B402F5FC,207,692,-779
15/12/2020 19:11:24.666,1102850,TILEBOX @320F57,32914,C0006402B3FD,192,612,-589
15/12/2020 19:11:24.666,1102850,TILEBOX @320F57,32911,270188024CFD,295,648,-692
15/12/2020 19:11:24.723,1102907,TILEBOX @320F57,32916,E1006A02D2FD,225,618,-558
15/12/2020 19:11:24.743,1102927,TILEBOX @320F57,32919,F3007502FEFD,243,629,-514
15/12/2020 19:11:24.743,1102928,TILEBOX @320F57,32921,1E00810278FE,30,641,-392
15/12/2020 19:11:24.783,1102967,TILEBOX @320F57,32926,75FF7C0382FD,-139,892,-638
15/12/2020 19:11:24.783,1102968,TILEBOX @320F57,32923,1F00F80229FE,31,760,-471
15/12/2020 19:11:24.803,1102987,TILEBOX @320F57,32928,3FFFBA0357FD,-193,954,-681
15/12/2020 19:11:24.825,1103008,TILEBOX @320F57,32933,B9006304D9FD,185,1123,-551
15/12/2020 19:11:24.824,1103009,TILEBOX @320F57,32930,DD003A04CCFD,221,1082,-564
15/12/2020 19:11:24.846,1103029,TILEBOX @320F57,32935,91FFFF03A9FD,-111,1023,-599
15/12/2020 19:11:24.874,1103057,TILEBOX @320F57,32940,0901F60134FE,265,502,-460
15/12/2020 19:11:24.873,1103058,TILEBOX @320F57,32937,5500F302D4FD,85,755,-556
15/12/2020 19:11:24.903,1103087,TILEBOX @320F57,32942,9E005102B4FE,158,593,-332
15/12/2020 19:11:24.924,1103108,TILEBOX @320F57,32945,9E005102B4FE,158,593,-332
15/12/2020 19:11:24.946,1103130,TILEBOX @320F57,32947,58001B036DFE,88,795,-403
15/12/2020 19:11:24.968,1103152,TILEBOX @320F57,32949,36005E03CDFD,54,862,-563
15/12/2020 19:11:24.968,1103153,TILEBOX @320F57,32952,6F006903A1FD,111,873,-607
15/12/2020 19:11:24.993,1103177,TILEBOX @320F57,32954,9B005C03B4FD,155,860,-588
15/12/2020 19:11:25.023,1103207,TILEBOX @320F57,32957,82005003E7FD,130,848,-537
15/12/2020 19:11:25.023,1103208,TILEBOX @320F57,32959,6F004D0322FE,111,845,-478
15/12/2020 19:11:25.053,1103237,TILEBOX @320F57,32961,7A002F0306FE,122,815,-506
15/12/2020 19:11:25.054,1103238,TILEBOX @320F57,32964,87002803EBFD,135,808,-533
15/12/2020 19:11:25.083,1103267,TILEBOX @320F57,32966,57004A03FCFD,87,842,-516
15/12/2020 19:11:25.143,1103327,TILEBOX @320F57,32968,210068033EFE,33,872,-450
15/12/2020 19:11:25.143,1103328,TILEBOX @320F57,32971,120078036CFE,18,888,-404
15/12/2020 19:11:25.164,1103347,TILEBOX @320F57,32973,2C007D0358FE,44,893,-424
15/12/2020 19:11:25.164,1103351,TILEBOX @320F57,32975,4F002C03B2FE,79,812,-334
15/12/2020 19:11:25.186,1103370,TILEBOX @320F57,32978,0F007C0325FF,15,892,-219
15/12/2020 19:11:25.263,1103447,TILEBOX @320F57,32980,D1FFF6031AFF,-47,1014,-230
15/12/2020 19:11:25.263,1103448,TILEBOX @320F57,32983,0100AA0359FE,1,938,-423
15/12/2020 19:11:25.284,1103468,TILEBOX @320F57,32987,5000B4037CFE,80,948,-388
15/12/2020 19:11:25.284,1103470,TILEBOX @320F57,32990,B5FF4A0316FF,-75,842,-234
15/12/2020 19:11:25.284,1103470,TILEBOX @320F57,32985,6400D903E2FD,100,985,-542
15/12/2020 19:11:25.304,1103488,TILEBOX @320F57,32994,A70004042FFE,167,1028,-465
15/12/2020 19:11:25.304,1103489,TILEBOX @320F57,32992,3200BF03AEFE,50,959,-338
15/12/2020 19:11:25.325,1103509,TILEBOX @320F57,32997,2500ED0329FE,37,1005,-471
15/12/2020 19:11:25.383,1103567,TILEBOX @320F57,32999,2500ED0329FE,37,1005,-471
15/12/2020 19:11:25.413,1103597,TILEBOX @320F57,33002,FEFFA20333FE,-2,930,-461
15/12/2020 19:11:25.473,1103657,TILEBOX @320F57,33004,3700A6033BFE,55,934,-453
15/12/2020 19:11:25.473,1103658,TILEBOX @320F57,33006,8300E80330FE,131,1000,-464
15/12/2020 19:11:25.493,1103677,TILEBOX @320F57,33009,A0000303CEFD,160,771,-562
15/12/2020 19:11:25.494,1103678,TILEBOX @320F57,33014,070026028DFC,7,550,-883
15/12/2020 19:11:25.494,1103678,TILEBOX @320F57,33016,D3FF050225FC,-45,517,-987
15/12/2020 19:11:25.494,1103679,TILEBOX @320F57,33011,400028025DFD,64,552,-675
15/12/2020 19:11:25.515,1103699,TILEBOX @320F57,33018,0A00500239FD,10,592,-711
15/12/2020 19:11:25.515,1103699,TILEBOX @320F57,33021,FE005903B7FE,254,857,-329
15/12/2020 19:11:25.536,1103720,TILEBOX @320F57,33023,DB002B04BDFE,219,1067,-323
15/12/2020 19:11:25.563,1103747,TILEBOX @320F57,33025,1900360460FD,25,1078,-672
15/12/2020 19:11:25.584,1103770,TILEBOX @320F57,33028,E4FF83038EFD,-28,899,-626
15/12/2020 19:11:25.623,1103807,TILEBOX @320F57,33030,040052033EFF,4,850,-194
15/12/2020 19:11:25.623,1103808,TILEBOX @320F57,33033,DFFF8B03A0FF,-33,907,-96
15/12/2020 19:11:25.643,1103827,TILEBOX @320F57,33035,0A00A10389FE,10,929,-375
15/12/2020 19:11:25.664,1103848,TILEBOX @320F57,33037,4500C40386FD,69,964,-634
15/12/2020 19:11:25.685,1103869,TILEBOX @320F57,33040,2B0086038DFD,43,902,-627
15/12/2020 19:11:25.743,1103927,TILEBOX @320F57,33042,D2FFE50396FF,-46,997,-106
15/12/2020 19:11:25.763,1103948,TILEBOX @320F57,33047,EB006A0540FF,235,1386,-192
15/12/2020 19:11:25.764,1103948,TILEBOX @320F57,33049,7400210432FE,116,1057,-462
15/12/2020 19:11:25.764,1103948,TILEBOX @320F57,33051,29008E03B4FE,41,910,-332
15/12/2020 19:11:25.763,1103949,TILEBOX @320F57,33044,35006605E100,53,1382,225
15/12/2020 19:11:25.785,1103969,TILEBOX @320F57,33054,29008E03B4FE,41,910,-332
15/12/2020 19:11:25.833,1104017,TILEBOX @320F57,33056,090046033EFF,9,838,-194
15/12/2020 19:11:25.853,1104037,TILEBOX @320F57,33059,0600DE0239FF,6,734,-199
15/12/2020 19:11:25.853,1104038,TILEBOX @320F57,33063,1A007B0366FE,26,891,-410
15/12/2020 19:11:25.853,1104038,TILEBOX @320F57,33061,E5FF0103E9FE,-27,769,-279
15/12/2020 19:11:25.874,1104058,TILEBOX @320F57,33066,50007B03BAFD,80,891,-582
15/12/2020 19:11:25.895,1104079,TILEBOX @320F57,33070,210064039FFE,33,868,-353
15/12/2020 19:11:25.895,1104079,TILEBOX @320F57,33068,18008D0312FE,24,909,-494
15/12/2020 19:11:25.923,1104107,TILEBOX @320F57,33073,20004403F6FE,32,836,-266
15/12/2020 19:11:25.953,1104137,TILEBOX @320F57,33075,42008803DCFE,66,904,-292
15/12/2020 19:11:25.954,1104138,TILEBOX @320F57,33078,5900C20321FE,89,962,-479
15/12/2020 19:11:25.983,1104167,TILEBOX @320F57,33080,5E00A30321FE,94,931,-479
15/12/2020 19:11:26.005,1104189,TILEBOX @320F57,33082,39008A03C2FE,57,906,-318
15/12/2020 19:11:26.025,1104209,TILEBOX @320F57,33085,49008B03B1FE,73,907,-335
15/12/2020 19:11:26.046,1104230,TILEBOX @320F57,33089,5C00B103CCFD,92,945,-564
15/12/2020 19:11:26.046,1104230,TILEBOX @320F57,33087,5C0085034EFE,92,901,-434
15/12/2020 19:11:26.074,1104257,TILEBOX @320F57,33092,6D00AE03FBFD,109,942,-517
15/12/2020 19:11:26.103,1104287,TILEBOX @320F57,33094,3E008A035BFE,62,906,-421
15/12/2020 19:11:26.104,1104288,TILEBOX @320F57,33097,3600960303FE,54,918,-509
15/12/2020 19:11:26.193,1104377,TILEBOX @320F57,33099,5B00AF03CAFD,91,943,-566
15/12/2020 19:11:26.213,1104397,TILEBOX @320F57,33104,1B00970349FF,27,919,-183
15/12/2020 19:11:26.213,1104398,TILEBOX @320F57,33106,08009A0325FF,8,922,-219
15/12/2020 19:11:26.213,1104398,TILEBOX @320F57,33101,5C00A20387FE,92,930,-377
15/12/2020 19:11:26.234,1104418,TILEBOX @320F57,33111,3B008803B3FE,59,904,-333
15/12/2020 19:11:26.234,1104420,TILEBOX @320F57,33108,08009A0325FF,8,922,-219
15/12/2020 19:11:26.256,1104440,TILEBOX @320F57,33116,4700CB03DFFE,71,971,-289
15/12/2020 19:11:26.256,1104440,TILEBOX @320F57,33113,5400A00378FE,84,928,-392
15/12/2020 19:11:26.283,1104467,TILEBOX @320F57,33118,4900A603EFFE,73,934,-273
15/12/2020 19:11:26.303,1104487,TILEBOX @320F57,33120,5C009403C4FE,92,916,-316
15/12/2020 19:11:26.324,1104508,TILEBOX @320F57,33123,5E0085039DFE,94,901,-355
15/12/2020 19:11:26.345,1104529,TILEBOX @320F57,33127,530088035FFE,83,904,-417
15/12/2020 19:11:26.345,1104529,TILEBOX @320F57,33125,640077035EFE,100,887,-418
15/12/2020 19:11:26.374,1104557,TILEBOX @320F57,33130,5100AD03ABFE,81,941,-341
15/12/2020 19:11:26.463,1104647,TILEBOX @320F57,33132,4200D403EFFE,66,980,-273
15/12/2020 19:11:26.483,1104667,TILEBOX @320F57,33137,3500D803DDFE,53,984,-291
15/12/2020 19:11:26.483,1104668,TILEBOX @320F57,33139,6100D903C9FE,97,985,-311
15/12/2020 19:11:26.483,1104670,TILEBOX @320F57,33135,1900CD03E3FE,25,973,-285
15/12/2020 19:11:26.504,1104688,TILEBOX @320F57,33144,8D005F0489FE,141,1119,-375
15/12/2020 19:11:26.504,1104689,TILEBOX @320F57,33146,DB003A0436FE,219,1082,-458
15/12/2020 19:11:26.504,1104689,TILEBOX @320F57,33142,60002104BAFE,96,1057,-326
15/12/2020 19:11:26.525,1104709,TILEBOX @320F57,33149,EF00B6044CFE,239,1206,-436
15/12/2020 19:11:26.554,1104738,TILEBOX @320F57,33153,9C00BE04C6FE,156,1214,-314
15/12/2020 19:11:26.553,1104738,TILEBOX @320F57,33151,C7000305AAFE,199,1283,-342
15/12/2020 19:11:26.583,1104767,TILEBOX @320F57,33156,87008204BFFE,135,1154,-321
15/12/2020 19:11:26.604,1104788,TILEBOX @320F57,33158,8A002A049BFE,138,1066,-357
15/12/2020 19:11:26.624,1104808,TILEBOX @320F57,33161,A100B30316FF,161,947,-234
15/12/2020 19:11:26.645,1104829,TILEBOX @320F57,33165,72003703C0FF,114,823,-64
15/12/2020 19:11:26.645,1104829,TILEBOX @320F57,33163,A100B30316FF,161,947,-234
15/12/2020 19:11:26.674,1104857,TILEBOX @320F57,33168,3700E3027EFF,55,739,-130
15/12/2020 19:11:26.703,1104887,TILEBOX @320F57,33170,25007502CDFE,37,629,-307
15/12/2020 19:11:26.724,1104907,TILEBOX @320F57,33172,6A00610273FE,106,609,-397
15/12/2020 19:11:26.744,1104928,TILEBOX @320F57,33177,1C00A5020D00,28,677,13
15/12/2020 19:11:26.744,1104929,TILEBOX @320F57,33175,AF00830232FF,175,643,-206
15/12/2020 19:11:26.766,1104950,TILEBOX @320F57,33179,E5FFEE022F00,-27,750,47
15/12/2020 19:11:26.793,1104977,TILEBOX @320F57,33182,65005703C1FF,101,855,-63
15/12/2020 19:11:26.813,1104997,TILEBOX @320F57,33184,BF00A00305FF,191,928,-251
15/12/2020 19:11:26.834,1105020,TILEBOX @320F57,33186,C500F80369FF,197,1016,-151
15/12/2020 19:11:26.855,1105039,TILEBOX @320F57,33191,35001704FBFF,53,1047,-5
15/12/2020 19:11:26.855,1105040,TILEBOX @320F57,33189,850040041600,133,1088,22
15/12/2020 19:11:26.883,1105067,TILEBOX @320F57,33194,3F0023045DFF,63,1059,-163
15/12/2020 19:11:26.904,1105088,TILEBOX @320F57,33196,8E00450458FF,142,1093,-168
15/12/2020 19:11:26.925,1105108,TILEBOX @320F57,33198,98001904FDFF,152,1049,-3
15/12/2020 19:11:26.945,1105129,TILEBOX @320F57,33203,1F00DB03B1FF,31,987,-79
15/12/2020 19:11:26.945,1105129,TILEBOX @320F57,33201,3E00CF031900,62,975,25
15/12/2020 19:11:27.003,1105187,TILEBOX @320F57,33205,70000B0490FF,112,1035,-112
15/12/2020 19:11:27.003,1105188,TILEBOX @320F57,33208,B000F603CAFF,176,1014,-54
15/12/2020 19:11:27.023,1105207,TILEBOX @320F57,33210,A800D503D2FF,168,981,-46
15/12/2020 19:11:27.063,1105247,TILEBOX @320F57,33215,6700D1039FFF,103,977,-97
15/12/2020 19:11:27.063,1105248,TILEBOX @320F57,33212,7300D503EBFF,115,981,-21
15/12/2020 19:11:27.083,1105267,TILEBOX @320F57,33217,6700D1039FFF,103,977,-97
15/12/2020 19:11:27.103,1105287,TILEBOX @320F57,33222,6200BB03CEFF,98,955,-50
15/12/2020 19:11:27.103,1105288,TILEBOX @320F57,33220,6F00C60391FF,111,966,-111
15/12/2020 19:11:27.124,1105308,TILEBOX @320F57,33224,7A00B203C9FF,122,946,-55
15/12/2020 19:11:27.124,1105309,TILEBOX @320F57,33227,84008D03B8FF,132,909,-72
15/12/2020 19:11:27.154,1105338,TILEBOX @320F57,33229,5B008E03CAFF,91,910,-54
15/12/2020 19:11:27.213,1105397,TILEBOX @320F57,33232,5700C303D3FF,87,963,-45
15/12/2020 19:11:27.233,1105417,TILEBOX @320F57,33236,7400C3039DFF,116,963,-99
15/12/2020 19:11:27.233,1105420,TILEBOX @320F57,33234,6700BD038BFF,103,957,-117
15/12/2020 19:11:27.254,1105438,TILEBOX @320F57,33239,63000D043700,99,1037,55
15/12/2020 19:11:27.254,1105438,TILEBOX @320F57,33241,630016045300,99,1046,83
15/12/2020 19:11:27.303,1105487,TILEBOX @320F57,33246,67000604A6FF,103,1030,-90
15/12/2020 19:11:27.303,1105488,TILEBOX @320F57,33243,7400E703ADFF,116,999,-83
15/12/2020 19:11:27.324,1105507,TILEBOX @320F57,33248,5E000604E5FF,94,1030,-27
15/12/2020 19:11:27.344,1105528,TILEBOX @320F57,33253,2A00D903D9FF,42,985,-39
15/12/2020 19:11:27.344,1105529,TILEBOX @320F57,33250,4E00DA03B2FF,78,986,-78
15/12/2020 19:11:27.393,1105577,TILEBOX @320F57,33255,1F00F603F4FF,31,1014,-12
15/12/2020 19:11:27.393,1105578,TILEBOX @320F57,33258,42001804E6FF,66,1048,-26
15/12/2020 19:11:27.413,1105597,TILEBOX @320F57,33260,5E0011040200,94,1041,2
15/12/2020 19:11:27.437,1105620,TILEBOX @320F57,33265,430001041400,67,1025,20
15/12/2020 19:11:27.437,1105621,TILEBOX @320F57,33262,600003040500,96,1027,5
15/12/2020 19:11:27.457,1105641,TILEBOX @320F57,33267,2B00F2032B00,43,1010,43
15/12/2020 19:11:27.483,1105667,TILEBOX @320F57,33269,4800F1031100,72,1009,17
15/12/2020 19:11:27.504,1105688,TILEBOX @320F57,33272,5900E6030300,89,998,3
15/12/2020 19:11:27.525,1105709,TILEBOX @320F57,33274,5900E6030300,89,998,3
15/12/2020 19:11:27.545,1105729,TILEBOX @320F57,33279,3000B4032400,48,948,36
15/12/2020 19:11:27.545,1105730,TILEBOX @320F57,33277,4400C0032B00,68,960,43
15/12/2020 19:11:27.574,1105759,TILEBOX @320F57,33283,6700DE032100,103,990,33
15/12/2020 19:11:27.574,1105759,TILEBOX @320F57,33281,4900D6030F00,73,982,15
15/12/2020 19:11:27.604,1105787,TILEBOX @320F57,33286,5500D5031900,85,981,25
15/12/2020 19:11:27.633,1105817,TILEBOX @320F57,33288,2600CB031000,38,971,16
15/12/2020 19:11:27.654,1105838,TILEBOX @320F57,33291,0D00C103FFFF,13,961,-1
15/12/2020 19:11:27.753,1105938,TILEBOX @320F57,33293,3200DF03DCFF,50,991,-36
15/12/2020 19:11:27.754,1105938,TILEBOX @320F57,33295,4B00EC03CBFF,75,1004,-53
15/12/2020 19:11:27.774,1105958,TILEBOX @320F57,33300,FDFFBD031F00,-3,957,31
15/12/2020 19:11:27.774,1105959,TILEBOX @320F57,33303,E9FFC0030F00,-23,960,15
15/12/2020 19:11:27.774,1105959,TILEBOX @320F57,33305,1300DC03A2FF,19,988,-94
15/12/2020 19:11:27.774,1105959,TILEBOX @320F57,33298,2F00CB03EBFF,47,971,-21
15/12/2020 19:11:27.795,1105979,TILEBOX @320F57,33310,4200BD03CEFF,66,957,-50
15/12/2020 19:11:27.795,1105979,TILEBOX @320F57,33307,5700EB038BFF,87,1003,-117
15/12/2020 19:11:27.816,1106000,TILEBOX @320F57,33312,0300A103EBFF,3,929,-21
15/12/2020 19:11:27.843,1106027,TILEBOX @320F57,33314,0800D003D2FF,8,976,-46
15/12/2020 19:11:27.864,1106055,TILEBOX @320F57,33317,2C000E049DFF,44,1038,-99
15/12/2020 19:11:27.888,1106072,TILEBOX @320F57,33322,3600D6030800,54,982,8
15/12/2020 19:11:27.888,1106072,TILEBOX @320F57,33319,2C00F403CBFF,44,1012,-53
15/12/2020 19:11:27.911,1106095,TILEBOX @320F57,33324,4F00FB030700,79,1019,7
15/12/2020 19:11:27.933,1106117,TILEBOX @320F57,33326,45000E04F5FF,69,1038,-11
15/12/2020 19:11:27.954,1106138,TILEBOX @320F57,33329,45000E04F5FF,69,1038,-11
15/12/2020 19:11:27.994,1106177,TILEBOX @320F57,33333,35002D04E9FF,53,1069,-23
15/12/2020 19:11:27.993,1106178,TILEBOX @320F57,33331,25002F04FFFF,37,1071,-1
15/12/2020 19:11:28.014,1106199,TILEBOX @320F57,33336,5C00F803E9FF,92,1016,-23
15/12/2020 19:11:28.037,1106220,TILEBOX @320F57,33341,0300DA033E00,3,986,62
15/12/2020 19:11:28.037,1106221,TILEBOX @320F57,33338,2D00EB032600,45,1003,38
15/12/2020 19:11:28.057,1106241,TILEBOX @320F57,33343,F4FFC8032700,-12,968,39
15/12/2020 19:11:28.113,1106297,TILEBOX @320F57,33345,0200E8031200,2,1000,18
15/12/2020 19:11:28.133,1106317,TILEBOX @320F57,33350,63001204D7FF,99,1042,-41
15/12/2020 19:11:28.133,1106317,TILEBOX @320F57,33352,34001104C4FF,52,1041,-60
15/12/2020 19:11:28.133,1106318,TILEBOX @320F57,33348,5C000C041F00,92,1036,31
15/12/2020 19:11:28.153,1106337,TILEBOX @320F57,33355,3900FF03F1FF,57,1023,-15
15/12/2020 19:11:28.174,1106358,TILEBOX @320F57,33357,3C000A041E00,60,1034,30
15/12/2020 19:11:28.174,1106359,TILEBOX @320F57,33360,560013045200,86,1043,82
15/12/2020 19:11:28.203,1106387,TILEBOX @320F57,33362,7300F0032600,115,1008,38
15/12/2020 19:11:28.233,1106417,TILEBOX @320F57,33364,7000E703F9FF,112,999,-7
15/12/2020 19:11:28.253,1106437,TILEBOX @320F57,33367,6000EE030800,96,1006,8
15/12/2020 19:11:28.272,1106456,TILEBOX @320F57,33371,3700B2033B00,55,946,59
15/12/2020 19:11:28.272,1106457,TILEBOX @320F57,33369,2E00C7034000,46,967,64
15/12/2020 19:11:28.293,1106477,TILEBOX @320F57,33374,5900C9031000,89,969,16
15/12/2020 19:11:28.384,1106568,TILEBOX @320F57,33378,5200C7035500,82,967,85
15/12/2020 19:11:28.383,1106568,TILEBOX @320F57,33376,4C00D7032C00,76,983,44
15/12/2020 19:11:28.403,1106587,TILEBOX @320F57,33381,4600C6034800,70,966,72
15/12/2020 19:11:28.403,1106588,TILEBOX @320F57,33386,3A00F0032600,58,1008,38
15/12/2020 19:11:28.403,1106588,TILEBOX @320F57,33383,4600C6034800,70,966,72
15/12/2020 19:11:28.423,1106607,TILEBOX @320F57,33390,440002044C00,68,1026,76
15/12/2020 19:11:28.423,1106607,TILEBOX @320F57,33388,45000E042400,69,1038,36
15/12/2020 19:11:28.444,1106627,TILEBOX @320F57,33393,3700F2035A00,55,1010,90
15/12/2020 19:11:28.503,1106687,TILEBOX @320F57,33395,2C00F6034000,44,1014,64
15/12/2020 19:11:28.504,1106688,TILEBOX @320F57,33397,340007043000,52,1031,48
15/12/2020 19:11:28.523,1106707,TILEBOX @320F57,33402,5900F2032300,89,1010,35
15/12/2020 19:11:28.523,1106708,TILEBOX @320F57,33400,5200FE031F00,82,1022,31
15/12/2020 19:11:28.544,1106728,TILEBOX @320F57,33404,4000F5033600,64,1013,54
15/12/2020 19:11:28.564,1106748,TILEBOX @320F57,33409,3700D0032200,55,976,34
15/12/2020 19:11:28.564,1106748,TILEBOX @320F57,33407,2700DC034000,39,988,64
15/12/2020 19:11:28.594,1106777,TILEBOX @320F57,33411,4800CA03E7FF,72,970,-25
15/12/2020 19:11:28.623,1106807,TILEBOX @320F57,33414,4F00B903EEFF,79,953,-18
15/12/2020 19:11:28.643,1106827,TILEBOX @320F57,33416,5C00B4031A00,92,948,26
15/12/2020 19:11:28.663,1106847,TILEBOX @320F57,33419,5800A6032400,88,934,36
15/12/2020 19:11:28.684,1106867,TILEBOX @320F57,33421,440092031300,68,914,19
15/12/2020 19:11:28.704,1106888,TILEBOX @320F57,33423,43008503FFFF,67,901,-1
15/12/2020 19:11:28.724,1106908,TILEBOX @320F57,33426,5E006A03EBFF,94,874,-21
15/12/2020 19:11:28.724,1106908,TILEBOX @320F57,33428,74002F03EEFF,116,815,-18
15/12/2020 19:11:28.744,1106928,TILEBOX @320F57,33430,4E001803FCFF,78,792,-4
15/12/2020 19:11:28.774,1106958,TILEBOX @320F57,33433,32000E03FEFF,50,782,-2
15/12/2020 19:11:28.774,1106958,TILEBOX @320F57,33435,5A00E602EFFF,90,742,-17
15/12/2020 19:11:28.803,1106987,TILEBOX @320F57,33437,5A00E602EFFF,90,742,-17
15/12/2020 19:11:28.864,1107048,TILEBOX @320F57,33442,4C00CD02E8FF,76,717,-24
15/12/2020 19:11:28.864,1107048,TILEBOX @320F57,33440,4600B702E6FF,70,695,-26
15/12/2020 19:11:28.883,1107067,TILEBOX @320F57,33447,C8FF0E0362FF,-56,782,-158
15/12/2020 19:11:28.883,1107067,TILEBOX @320F57,33445,0100D502CAFF,1,725,-54
15/12/2020 19:11:28.904,1107088,TILEBOX @320F57,33449,3E008A0324FF,62,906,-220
15/12/2020 19:11:28.924,1107108,TILEBOX @320F57,33454,D6FF3704BAFF,-42,1079,-70
15/12/2020 19:11:28.924,1107108,TILEBOX @320F57,33452,2B00DA032BFF,43,986,-213
15/12/2020 19:11:28.953,1107137,TILEBOX @320F57,33457,C6FF37042800,-58,1079,40
15/12/2020 19:11:28.974,1107158,TILEBOX @320F57,33459,DCFF8404B2FF,-36,1156,-78
15/12/2020 19:11:28.994,1107178,TILEBOX @320F57,33461,BFFFCD046DFF,-65,1229,-147
15/12/2020 19:11:29.014,1107198,TILEBOX @320F57,33466,CFFF7F04E7FF,-49,1151,-25
15/12/2020 19:11:29.014,1107198,TILEBOX @320F57,33464,C5FF7A0494FF,-59,1146,-108
15/12/2020 19:11:29.044,1107227,TILEBOX @320F57,33468,91FF83040100,-111,1155,1
15/12/2020 19:11:29.074,1107258,TILEBOX @320F57,33473,9DFF3F0414FF,-99,1087,-236
15/12/2020 19:11:29.074,1107258,TILEBOX @320F57,33471,87FF1904C7FF,-121,1049,-57
15/12/2020 19:11:29.103,1107287,TILEBOX @320F57,33475,AFFF240440FF,-81,1060,-192
15/12/2020 19:11:29.123,1107307,TILEBOX @320F57,33478,A4FFE503DEFF,-92,997,-34
15/12/2020 19:11:29.163,1107347,TILEBOX @320F57,33480,8AFF2604AEFF,-118,1062,-82
15/12/2020 19:11:29.183,1107367,TILEBOX @320F57,33485,A0FFE4031F00,-96,996,31
15/12/2020 19:11:29.183,1107368,TILEBOX @320F57,33483,7BFF09041F00,-133,1033,31
15/12/2020 19:11:29.204,1107388,TILEBOX @320F57,33487,94FFF10351FF,-108,1009,-175
15/12/2020 19:11:29.253,1107437,TILEBOX @320F57,33490,9CFF170462FF,-100,1047,-158
15/12/2020 19:11:29.273,1107457,TILEBOX @320F57,33492,9CFF170462FF,-100,1047,-158
15/12/2020 19:11:29.273,1107457,TILEBOX @320F57,33497,CFFFE40342FF,-49,996,-190
15/12/2020 19:11:29.273,1107458,TILEBOX @320F57,33494,DEFF2304D4FF,-34,1059,-44
15/12/2020 19:11:29.293,1107477,TILEBOX @320F57,33499,85FFB9037CFF,-123,953,-132
15/12/2020 19:11:29.314,1107498,TILEBOX @320F57,33504,8BFF100481FF,-117,1040,-127
15/12/2020 19:11:29.314,1107498,TILEBOX @320F57,33502,68FFE1032300,-152,993,35
15/12/2020 19:11:29.344,1107527,TILEBOX @320F57,33506,D8FF0C049DFF,-40,1036,-99
15/12/2020 19:11:29.374,1107558,TILEBOX @320F57,33511,D1FFFF0367FF,-47,1023,-153
15/12/2020 19:11:29.374,1107558,TILEBOX @320F57,33509,FFFFFE03CAFF,-1,1022,-54
15/12/2020 19:11:29.403,1107587,TILEBOX @320F57,33514,C9FFFA038DFF,-55,1018,-115
15/12/2020 19:11:29.424,1107608,TILEBOX @320F57,33516,DEFF0204A0FF,-34,1026,-96
15/12/2020 19:11:29.444,1107628,TILEBOX @320F57,33518,D0FF050459FF,-48,1029,-167
15/12/2020 19:11:29.464,1107648,TILEBOX @320F57,33521,C3FFFB039CFF,-61,1019,-100
15/12/2020 19:11:29.493,1107677,TILEBOX @320F57,33523,E8FFE803C9FF,-24,1000,-55
15/12/2020 19:11:29.513,1107697,TILEBOX @320F57,33525,E2FFF40355FF,-30,1012,-171
15/12/2020 19:11:29.533,1107717,TILEBOX @320F57,33530,EAFFD2038BFF,-22,978,-117
15/12/2020 19:11:29.533,1107718,TILEBOX @320F57,33528,C9FFDE0337FF,-55,990,-201
15/12/2020 19:11:29.584,1107767,TILEBOX @320F57,33535,EAFFCE0353FF,-22,974,-173
15/12/2020 19:11:29.583,1107768,TILEBOX @320F57,33533,F0FFE50382FF,-16,997,-126
15/12/2020 19:11:29.604,1107788,TILEBOX @320F57,33537,F6FFF30373FF,-10,1011,-141
15/12/2020 19:11:29.624,1107809,TILEBOX @320F57,33540,E5FFFF0375FF,-27,1023,-139
15/12/2020 19:11:29.625,1107809,TILEBOX @320F57,33542,F5FFEA0386FF,-11,1002,-122
15/12/2020 19:11:29.673,1107857,TILEBOX @320F57,33544,F8FFF80370FF,-8,1016,-144
15/12/2020 19:11:29.693,1107877,TILEBOX @320F57,33549,DAFF16043AFF,-38,1046,-198
15/12/2020 19:11:29.693,1107878,TILEBOX @320F57,33547,F8FFF80370FF,-8,1016,-144
15/12/2020 19:11:29.715,1107898,TILEBOX @320F57,33554,DCFF140488FF,-36,1044,-120
15/12/2020 19:11:29.715,1107899,TILEBOX @320F57,33552,D5FF160465FF,-43,1046,-155
15/12/2020 19:11:29.735,1107919,TILEBOX @320F57,33556,E0FF77047AFF,-32,1143,-134
15/12/2020 19:11:29.764,1107947,TILEBOX @320F57,33558,BEFFD10498FF,-66,1233,-104
15/12/2020 19:11:29.784,1107968,TILEBOX @320F57,33561,ACFFFD04A2FF,-84,1277,-94
15/12/2020 19:11:29.804,1107988,TILEBOX @320F57,33566,A4FF66058AFF,-92,1382,-118
15/12/2020 19:11:29.804,1107988,TILEBOX @320F57,33563,BDFF340571FF,-67,1332,-143
15/12/2020 19:11:29.854,1108038,TILEBOX @320F57,33570,84FF36057EFF,-124,1334,-130
15/12/2020 19:11:29.854,1108038,TILEBOX @320F57,33568,8EFF5705B0FF,-114,1367,-80
15/12/2020 19:11:29.873,1108057,TILEBOX @320F57,33573,82FF310573FF,-126,1329,-141
15/12/2020 19:11:29.894,1108077,TILEBOX @320F57,33575,7BFF3305B4FF,-133,1331,-76
15/12/2020 19:11:29.973,1108158,TILEBOX @320F57,33578,67FF2E05ABFF,-153,1326,-85
15/12/2020 19:11:29.974,1108158,TILEBOX @320F57,33580,7FFF100568FF,-129,1296,-152
15/12/2020 19:11:29.994,1108178,TILEBOX @320F57,33582,86FF120575FF,-122,1298,-139
15/12/2020 19:11:30.015,1108199,TILEBOX @320F57,33585,7AFF0305BBFF,-134,1283,-69
15/12/2020 19:11:30.036,1108220,TILEBOX @320F57,33589,9BFFE9043AFF,-101,1257,-198
15/12/2020 19:11:30.036,1108221,TILEBOX @320F57,33592,B0FFDE0451FF,-80,1246,-175
15/12/2020 19:11:30.036,1108221,TILEBOX @320F57,33594,99FFB304B1FF,-103,1203,-79
15/12/2020 19:11:30.036,1108221,TILEBOX @320F57,33587,87FFE104AFFF,-121,1249,-81
15/12/2020 19:11:30.063,1108247,TILEBOX @320F57,33597,8DFF9004BAFF,-115,1168,-70
15/12/2020 19:11:30.085,1108269,TILEBOX @320F57,33599,C0FF5C04B5FF,-64,1116,-75
15/12/2020 19:11:30.107,1108291,TILEBOX @320F57,33604,D5FFEC0397FF,-43,1004,-105
15/12/2020 19:11:30.107,1108292,TILEBOX @320F57,33601,C0FF5C04B5FF,-64,1116,-75
15/12/2020 19:11:30.127,1108311,TILEBOX @320F57,33606,D5FF640377FF,-43,868,-137
15/12/2020 19:11:30.154,1108338,TILEBOX @320F57,33611,00001E02E7FF,0,542,-25
15/12/2020 19:11:30.154,1108338,TILEBOX @320F57,33608,F6FFD002BBFF,-10,720,-69
15/12/2020 19:11:30.184,1108367,TILEBOX @320F57,33613,10008101B9FF,16,385,-71
15/12/2020 19:11:30.213,1108397,TILEBOX @320F57,33616,0C00DA0086FF,12,218,-122
15/12/2020 19:11:30.233,1108417,TILEBOX @320F57,33618,CDFF880033FF,-51,136,-205
15/12/2020 19:11:30.254,1108438,TILEBOX @320F57,33623,E4FF290069FF,-28,41,-151
15/12/2020 19:11:30.254,1108438,TILEBOX @320F57,33620,ECFF6500E9FE,-20,101,-279
15/12/2020 19:11:30.275,1108458,TILEBOX @320F57,33625,AAFF9F00DFFF,-86,159,-33
15/12/2020 19:11:30.304,1108488,TILEBOX @320F57,33627,9AFF29019AFF,-102,297,-102
15/12/2020 19:11:30.304,1108488,TILEBOX @320F57,33630,B9FF20014CFF,-71,288,-180
15/12/2020 19:11:30.334,1108517,TILEBOX @320F57,33632,A6FF2E0145FF,-90,302,-187
15/12/2020 19:11:30.364,1108547,TILEBOX @320F57,33635,5BFF1A02B9FF,-165,538,-71
15/12/2020 19:11:30.384,1108568,TILEBOX @320F57,33637,9FFF230338FF,-97,803,-200
15/12/2020 19:11:30.404,1108588,TILEBOX @320F57,33642,05003E043B00,5,1086,59
15/12/2020 19:11:30.404,1108588,TILEBOX @320F57,33639,E3FFA703BAFF,-29,935,-70
15/12/2020 19:11:30.425,1108609,TILEBOX @320F57,33644,EEFF6804A2FF,-18,1128,-94
15/12/2020 19:11:30.454,1108638,TILEBOX @320F57,33646,CDFF0F0492FF,-51,1039,-110
15/12/2020 19:11:30.454,1108638,TILEBOX @320F57,33649,99FF290496FF,-103,1065,-106
15/12/2020 19:11:30.484,1108667,TILEBOX @320F57,33651,D1FFC20465FF,-47,1218,-155
15/12/2020 19:11:30.544,1108727,TILEBOX @320F57,33653,0D00AF0453FF,13,1199,-173
15/12/2020 19:11:30.544,1108728,TILEBOX @320F57,33656,0D00AF0453FF,13,1199,-173
15/12/2020 19:11:30.563,1108747,TILEBOX @320F57,33658,B2FF4E041FFF,-78,1102,-225
15/12/2020 19:11:30.563,1108748,TILEBOX @320F57,33661,B5FF5604E9FE,-75,1110,-279
15/12/2020 19:11:30.584,1108770,TILEBOX @320F57,33663,CCFF6E04E0FF,-52,1134,-32
15/12/2020 19:11:30.605,1108789,TILEBOX @320F57,33668,66FF8C045AFF,-154,1164,-166
15/12/2020 19:11:30.605,1108790,TILEBOX @320F57,33665,84FFC104A8FF,-124,1217,-88
15/12/2020 19:11:30.664,1108848,TILEBOX @320F57,33672,A0FF790433FF,-96,1145,-205
15/12/2020 19:11:30.664,1108848,TILEBOX @320F57,33670,C7FF4F0419FF,-57,1103,-231
15/12/2020 19:11:30.683,1108867,TILEBOX @320F57,33675,84FF5B04ACFF,-124,1115,-84
15/12/2020 19:11:30.704,1108887,TILEBOX @320F57,33679,ACFF9904CBFE,-84,1177,-309
15/12/2020 19:11:30.703,1108888,TILEBOX @320F57,33677,BCFF60041CFF,-68,1120,-228
15/12/2020 19:11:30.724,1108908,TILEBOX @320F57,33682,D5FF84043A00,-43,1156,58
15/12/2020 19:11:30.754,1108938,TILEBOX @320F57,33684,C5FF96047800,-59,1174,120
15/12/2020 19:11:30.754,1108938,TILEBOX @320F57,33686,89FF28059BFF,-119,1320,-101
15/12/2020 19:11:30.783,1108967,TILEBOX @320F57,33689,BDFF5E0552FF,-67,1374,-174
15/12/2020 19:11:30.804,1108988,TILEBOX @320F57,33691,9DFF630546FF,-99,1379,-186
15/12/2020 19:11:30.824,1109008,TILEBOX @320F57,33694,66FF67059EFF,-154,1383,-98
15/12/2020 19:11:30.845,1109029,TILEBOX @320F57,33698,67FF99052EFF,-153,1433,-210
15/12/2020 19:11:30.845,1109029,TILEBOX @320F57,33696,5BFF9F057CFF,-165,1439,-132
15/12/2020 19:11:30.933,1109117,TILEBOX @320F57,33703,76FFA505BEFE,-138,1445,-322
15/12/2020 19:11:30.933,1109118,TILEBOX @320F57,33701,81FF930503FF,-127,1427,-253
15/12/2020 19:11:30.953,1109136,TILEBOX @320F57,33708,71FF39050000,-143,1337,0
15/12/2020 19:11:30.953,1109137,TILEBOX @320F57,33710,71FF39050000,-143,1337,0
15/12/2020 19:11:30.953,1109137,TILEBOX @320F57,33705,87FF42053AFF,-121,1346,-198
15/12/2020 19:11:30.972,1109157,TILEBOX @320F57,33712,3DFF5C0590FF,-195,1372,-112
15/12/2020 19:11:30.994,1109178,TILEBOX @320F57,33717,51FF60059FFF,-175,1376,-97
15/12/2020 19:11:30.994,1109178,TILEBOX @320F57,33715,11FF8B05DCFF,-239,1419,-36
15/12/2020 19:11:31.024,1109208,TILEBOX @320F57,33720,95FF03057CFF,-107,1283,-132
15/12/2020 19:11:31.053,1109237,TILEBOX @320F57,33724,CFFF8F045FFF,-49,1167,-161
15/12/2020 19:11:31.053,1109238,TILEBOX @320F57,33722,B3FFCF048DFF,-77,1231,-115
15/12/2020 19:11:31.083,1109267,TILEBOX @320F57,33727,D4FF7304ABFF,-44,1139,-85
15/12/2020 19:11:31.103,1109287,TILEBOX @320F57,33729,C1FF0B04E0FF,-63,1035,-32
15/12/2020 19:11:31.123,1109307,TILEBOX @320F57,33732,98FF5E032D00,-104,862,45
15/12/2020 19:11:31.144,1109328,TILEBOX @320F57,33734,BAFF7402E7FF,-70,628,-25
15/12/2020 19:11:31.144,1109328,TILEBOX @320F57,33736,F6FFAF01A5FF,-10,431,-91
15/12/2020 19:11:31.173,1109357,TILEBOX @320F57,33739,42002B0159FF,66,299,-167
15/12/2020 19:11:31.203,1109387,TILEBOX @320F57,33741,3600AD00D1FE,54,173,-303
15/12/2020 19:11:31.203,1109387,TILEBOX @320F57,33743,D7FF4700C6FE,-41,71,-314
15/12/2020 19:11:31.233,1109417,TILEBOX @320F57,33748,B2FF8A005BFF,-78,138,-165
15/12/2020 19:11:31.233,1109417,TILEBOX @320F57,33746,CAFF2100EFFE,-54,33,-273
15/12/2020 19:11:31.263,1109447,TILEBOX @320F57,33750,83FFE300C8FF,-125,227,-56
15/12/2020 19:11:31.293,1109477,TILEBOX @320F57,33755,EFFF010248FE,-17,513,-440
15/12/2020 19:11:31.293,1109477,TILEBOX @320F57,33753,66FF46010700,-154,326,7
15/12/2020 19:11:31.323,1109507,TILEBOX @320F57,33758,86007801AAFD,134,376,-598
15/12/2020 19:11:31.353,1109537,TILEBOX @320F57,33762,AAFFC303DAFE,-86,963,-294
15/12/2020 19:11:31.353,1109537,TILEBOX @320F57,33760,B2FF3602B9FF,-78,566,-71
15/12/2020 19:11:31.383,1109566,TILEBOX @320F57,33765,AAFFC303DAFE,-86,963,-294
15/12/2020 19:11:31.404,1109588,TILEBOX @320F57,33767,FDFF50031BFF,-3,848,-229
15/12/2020 19:11:31.426,1109610,TILEBOX @320F57,33769,B9FF18048500,-71,1048,133
15/12/2020 19:11:31.449,1109633,TILEBOX @320F57,33772,78FFA004E7FE,-136,1184,-281
15/12/2020 19:11:31.449,1109634,TILEBOX @320F57,33774,4DFF94041BFF,-179,1172,-229
15/12/2020 19:11:31.473,1109657,TILEBOX @320F57,33777,D0FF7E04D3FF,-48,1150,-45
15/12/2020 19:11:31.502,1109686,TILEBOX @320F57,33779,DCFF520434FF,-36,1106,-204
15/12/2020 19:11:31.523,1109707,TILEBOX @320F57,33781,AAFF3404A0FE,-86,1076,-352
15/12/2020 19:11:31.545,1109729,TILEBOX @320F57,33786,84FFC1047300,-124,1217,115
15/12/2020 19:11:31.545,1109730,TILEBOX @320F57,33784,92FF5B0465FF,-110,1115,-155
15/12/2020 19:11:31.567,1109751,TILEBOX @320F57,33789,ADFFC104C4FF,-83,1217,-60
15/12/2020 19:11:31.592,1109776,TILEBOX @320F57,33791,D0FF2D0543FF,-48,1325,-189
15/12/2020 19:11:31.613,1109797,TILEBOX @320F57,33793,CBFF0F05F1FF,-53,1295,-15
15/12/2020 19:11:31.653,1109837,TILEBOX @320F57,33796,F0FFB2043000,-16,1202,48
15/12/2020 19:11:31.682,1109866,TILEBOX @320F57,33798,DDFFBC043AFF,-35,1212,-198
15/12/2020 19:11:31.704,1109888,TILEBOX @320F57,33803,F2FF440590FF,-14,1348,-112
15/12/2020 19:11:31.704,1109889,TILEBOX @320F57,33800,C0FF02053CFF,-64,1282,-196
15/12/2020 19:11:31.704,1109889,TILEBOX @320F57,33805,0800770555FF,8,1399,-171
15/12/2020 19:11:31.726,1109910,TILEBOX @320F57,33808,A8FF86050D00,-88,1414,13
15/12/2020 19:11:31.747,1109931,TILEBOX @320F57,33810,13FFBF057000,-237,1471,112
15/12/2020 19:11:31.747,1109932,TILEBOX @320F57,33812,00FFCA05E7FF,-256,1482,-25
15/12/2020 19:11:31.892,1110076,TILEBOX @320F57,33815,22FFE705A6FF,-222,1511,-90
15/12/2020 19:11:31.892,1110076,TILEBOX @320F57,33817,66FFC20554FF,-154,1474,-172
15/12/2020 19:11:31.912,1110096,TILEBOX @320F57,33822,9DFF4905BEFF,-99,1353,-66
15/12/2020 19:11:31.912,1110097,TILEBOX @320F57,33824,7EFF4305B4FF,-130,1347,-76
15/12/2020 19:11:31.912,1110097,TILEBOX @320F57,33826,61FF5F055AFF,-159,1375,-166
15/12/2020 19:11:31.913,1110098,TILEBOX @320F57,33829,97FF6605CDFF,-105,1382,-51
15/12/2020 19:11:31.912,1110098,TILEBOX @320F57,33819,66FFC20554FF,-154,1474,-172
15/12/2020 19:11:31.933,1110119,TILEBOX @320F57,33834,53FF0B05FEFF,-173,1291,-2
15/12/2020 19:11:31.933,1110119,TILEBOX @320F57,33836,3BFF2105D0FF,-197,1313,-48
15/12/2020 19:11:31.933,1110120,TILEBOX @320F57,33831,9EFF4105DEFF,-98,1345,-34
15/12/2020 19:11:31.953,1110137,TILEBOX @320F57,33838,5AFFFE0469FF,-166,1278,-151
15/12/2020 19:11:31.982,1110166,TILEBOX @320F57,33841,86FFC5047CFF,-122,1221,-132
15/12/2020 19:11:32.003,1110188,TILEBOX @320F57,33843,9DFFA20490FF,-99,1186,-112
15/12/2020 19:11:32.027,1110211,TILEBOX @320F57,33845,C1FF5F0486FF,-63,1119,-122
15/12/2020 19:11:32.049,1110233,TILEBOX @320F57,33850,BDFF9803F5FF,-67,920,-11
15/12/2020 19:11:32.049,1110233,TILEBOX @320F57,33848,C7FFF7036DFF,-57,1015,-147
15/12/2020 19:11:32.071,1110255,TILEBOX @320F57,33853,E8FF25034400,-24,805,68
15/12/2020 19:11:32.093,1110276,TILEBOX @320F57,33855,F1FF2A024100,-15,554,65
15/12/2020 19:11:32.132,1110316,TILEBOX @320F57,33860,F0FF1A0188FF,-16,282,-120
15/12/2020 19:11:32.132,1110316,TILEBOX @320F57,33857,E1FF83012700,-31,387,39
15/12/2020 19:11:32.152,1110336,TILEBOX @320F57,33862,C9FFC3000AFF,-55,195,-246
15/12/2020 19:11:32.173,1110357,TILEBOX @320F57,33864,9AFF800010FF,-102,128,-240
15/12/2020 19:11:32.222,1110405,TILEBOX @320F57,33869,B0FF3D0082FF,-80,61,-126
15/12/2020 19:11:32.221,1110406,TILEBOX @320F57,33867,D0FF310051FF,-48,49,-175
15/12/2020 19:11:32.242,1110425,TILEBOX @320F57,33874,65FFBB005EFF,-155,187,-162
15/12/2020 19:11:32.242,1110426,TILEBOX @320F57,33872,65FFBB005EFF,-155,187,-162
15/12/2020 19:11:32.262,1110446,TILEBOX @320F57,33876,BAFF010163FF,-70,257,-157
15/12/2020 19:11:32.283,1110467,TILEBOX @320F57,33881,5100C70105FF,81,455,-251
15/12/2020 19:11:32.283,1110468,TILEBOX @320F57,33879,46003501B5FF,70,309,-75
15/12/2020 19:11:32.311,1110495,TILEBOX @320F57,33883,50001F02B6FE,80,543,-330
15/12/2020 19:11:32.341,1110525,TILEBOX @320F57,33886,4100BA02A0FF,65,698,-96
15/12/2020 19:11:32.361,1110545,TILEBOX @320F57,33888,7EFFD5033FFF,-130,981,-193
15/12/2020 19:11:32.381,1110565,TILEBOX @320F57,33893,7FFF5404B4FF,-129,1108,-76
15/12/2020 19:11:32.381,1110565,TILEBOX @320F57,33891,FAFE1004FFFF,-262,1040,-1
15/12/2020 19:11:32.402,1110585,TILEBOX @320F57,33895,1C004905F3FE,28,1353,-269
15/12/2020 19:11:32.431,1110615,TILEBOX @320F57,33898,D0FFCD0478FF,-48,1229,-136
15/12/2020 19:11:32.451,1110635,TILEBOX @320F57,33900,A7FF7904F4FE,-89,1145,-268
15/12/2020 19:11:32.471,1110655,TILEBOX @320F57,33902,94FFD3040AFF,-108,1235,-246
15/12/2020 19:11:32.492,1110676,TILEBOX @320F57,33907,A8FF2505D0FF,-88,1317,-48
15/12/2020 19:11:32.492,1110676,TILEBOX @320F57,33905,7AFF8D0461FF,-134,1165,-159
15/12/2020 19:11:32.522,1110705,TILEBOX @320F57,33912,B5FF870419FF,-75,1159,-231
15/12/2020 19:11:32.521,1110706,TILEBOX @320F57,33910,D0FF2305CEFF,-48,1315,-50
15/12/2020 19:11:32.551,1110735,TILEBOX @320F57,33914,7AFFCE0489FE,-134,1230,-375
15/12/2020 19:11:32.581,1110765,TILEBOX @320F57,33917,75FFD5048BFF,-139,1237,-117
15/12/2020 19:11:32.602,1110786,TILEBOX @320F57,33919,610076032F00,97,886,47
15/12/2020 19:11:32.641,1110825,TILEBOX @320F57,33924,64FF6D05E6FF,-156,1389,-26
15/12/2020 19:11:32.641,1110825,TILEBOX @320F57,33921,5800B3031F00,88,947,31
15/12/2020 19:11:32.661,1110845,TILEBOX @320F57,33926,6EFFD105C8FF,-146,1489,-56
15/12/2020 19:11:32.701,1110885,TILEBOX @320F57,33928,6EFFD105C8FF,-146,1489,-56
15/12/2020 19:11:32.701,1110885,TILEBOX @320F57,33931,A7FF2E0691FF,-89,1582,-111
15/12/2020 19:11:32.721,1110904,TILEBOX @320F57,33933,9CFFDE0552FF,-100,1502,-174
15/12/2020 19:11:32.761,1110945,TILEBOX @320F57,33936,40FF9B057FFF,-192,1435,-129
15/12/2020 19:11:32.761,1110945,TILEBOX @320F57,33938,3DFFA50575FF,-195,1445,-139
15/12/2020 19:11:32.781,1110965,TILEBOX @320F57,33943,5CFF1B050400,-164,1307,4
15/12/2020 19:11:32.781,1110965,TILEBOX @320F57,33940,5CFF99057EFF,-164,1433,-130
15/12/2020 19:11:32.801,1110985,TILEBOX @320F57,33945,85FF70044C00,-123,1136,76
15/12/2020 19:11:32.821,1111005,TILEBOX @320F57,33947,89FFD104F9FF,-119,1233,-7
15/12/2020 19:11:32.822,1111006,TILEBOX @320F57,33950,53FF56055000,-173,1366,80
15/12/2020 19:11:32.851,1111035,TILEBOX @320F57,33952,60FF5905A700,-160,1369,167
15/12/2020 19:11:32.880,1111064,TILEBOX @320F57,33954,72FF2005DFFF,-142,1312,-33
15/12/2020 19:11:32.900,1111084,TILEBOX @320F57,33957,9BFF9A0423FF,-101,1178,-221
15/12/2020 19:11:32.971,1111154,TILEBOX @320F57,33961,C5FF4604BAFF,-59,1094,-70
15/12/2020 19:11:32.970,1111155,TILEBOX @320F57,33959,DDFFFA0384FF,-35,1018,-124
15/12/2020 19:11:32.991,1111175,TILEBOX @320F57,33966,C3FFF7038000,-61,1015,128
15/12/2020 19:11:32.991,1111176,TILEBOX @320F57,33969,E9FFBF03D000,-23,959,208
15/12/2020 19:11:32.991,1111176,TILEBOX @320F57,33964,9BFF4004F6FF,-101,1088,-10
15/12/2020 19:11:33.012,1111196,TILEBOX @320F57,33971,EAFFDD028500,-22,733,133
15/12/2020 19:11:33.033,1111216,TILEBOX @320F57,33976,FCFF4D01CAFF,-4,333,-54
15/12/2020 19:11:33.032,1111217,TILEBOX @320F57,33973,C2FF15023400,-62,533,52
15/12/2020 19:11:33.060,1111244,TILEBOX @320F57,33978,3100C80073FF,49,200,-141
15/12/2020 19:11:33.081,1111264,TILEBOX @320F57,33980,20007A004AFF,32,122,-182
15/12/2020 19:11:33.101,1111285,TILEBOX @320F57,33983,20003B004AFF,32,59,-182
15/12/2020 19:11:33.122,1111306,TILEBOX @320F57,33987,BEFF15009CFF,-66,21,-100
15/12/2020 19:11:33.122,1111306,TILEBOX @320F57,33985,050030004DFF,5,48,-179
15/12/2020 19:11:33.150,1111334,TILEBOX @320F57,33990,D4FF8A009AFF,-44,138,-102
15/12/2020 19:11:33.180,1111364,TILEBOX @320F57,33992,DEFF65012800,-34,357,40
15/12/2020 19:11:33.201,1111384,TILEBOX @320F57,33995,86FF9F003F00,-122,159,63
15/12/2020 19:11:33.221,1111405,TILEBOX @320F57,33999,0C0046023A00,12,582,58
15/12/2020 19:11:33.221,1111405,TILEBOX @320F57,33997,0E00F30070FF,14,243,-144
15/12/2020 19:11:33.242,1111425,TILEBOX @320F57,34002,8FFF650233FF,-113,613,-205
15/12/2020 19:11:33.300,1111484,TILEBOX @320F57,34004,1600A80201FE,22,680,-511
15/12/2020 19:11:33.300,1111485,TILEBOX @320F57,34007,8EFF7403C300,-114,884,195
15/12/2020 19:11:33.320,1111504,TILEBOX @320F57,34011,49FF7C0428FF,-183,1148,-216
15/12/2020 19:11:33.320,1111504,TILEBOX @320F57,34009,3BFF6904E6FF,-197,1129,-26
15/12/2020 19:11:33.340,1111524,TILEBOX @320F57,34014,47FF1004EEFF,-185,1040,-18
15/12/2020 19:11:33.361,1111544,TILEBOX @320F57,34018,F1FE6205B7FF,-271,1378,-73
15/12/2020 19:11:33.361,1111545,TILEBOX @320F57,34016,32FF0B056CFF,-206,1291,-148
15/12/2020 19:11:33.390,1111574,TILEBOX @320F57,34021,48FFE0047F00,-184,1248,127
15/12/2020 19:11:33.420,1111604,TILEBOX @320F57,34023,2CFFD5042B00,-212,1237,43
15/12/2020 19:11:33.420,1111605,TILEBOX @320F57,34025,FCFE310428FF,-260,1073,-216
15/12/2020 19:11:33.450,1111634,TILEBOX @320F57,34028,39FFD2047FFF,-199,1234,-129
15/12/2020 19:11:33.450,1111635,TILEBOX @320F57,34030,87FF01050CFF,-121,1281,-244
15/12/2020 19:11:33.510,1111694,TILEBOX @320F57,34035,4AFF000630FF,-182,1536,-208
15/12/2020 19:11:33.510,1111694,TILEBOX @320F57,34033,0EFF9F0582FF,-242,1439,-126
15/12/2020 19:11:33.530,1111713,TILEBOX @320F57,34037,4AFF000630FF,-182,1536,-208
15/12/2020 19:11:33.550,1111734,TILEBOX @320F57,34040,A2FF6F0552FF,-94,1391,-174
15/12/2020 19:11:33.571,1111755,TILEBOX @320F57,34044,8CFF5805A4FF,-116,1368,-92
15/12/2020 19:11:33.571,1111755,TILEBOX @320F57,34042,66FF5305E2FF,-154,1363,-30
15/12/2020 19:11:33.600,1111784,TILEBOX @320F57,34049,CBFFA805F6FF,-53,1448,-10
15/12/2020 19:11:33.600,1111784,TILEBOX @320F57,34047,C2FF7A05BDFF,-62,1402,-67
15/12/2020 19:11:33.630,1111814,TILEBOX @320F57,34052,B1FF0C06EEFF,-79,1548,-18
15/12/2020 19:11:33.660,1111844,TILEBOX @320F57,34054,A3FFC005C9FF,-93,1472,-55
15/12/2020 19:11:33.680,1111863,TILEBOX @320F57,34056,77FF9D05FFFF,-137,1437,-1
15/12/2020 19:11:33.700,1111884,TILEBOX @320F57,34059,84FF92057AFF,-124,1426,-134
15/12/2020 19:11:33.721,1111905,TILEBOX @320F57,34064,ADFF5E057AFF,-83,1374,-134
15/12/2020 19:11:33.721,1111905,TILEBOX @320F57,34061,B7FF83057DFF,-73,1411,-131
15/12/2020 19:11:33.750,1111934,TILEBOX @320F57,34066,76FF06057DFF,-138,1286,-131
15/12/2020 19:11:33.750,1111934,TILEBOX @320F57,34068,7EFF0C05E1FF,-130,1292,-31
15/12/2020 19:11:33.780,1111963,TILEBOX @320F57,34071,61FF11054900,-159,1297,73
15/12/2020 19:11:33.809,1111993,TILEBOX @320F57,34073,77FFE804D1FF,-137,1256,-47
15/12/2020 19:11:33.869,1112053,TILEBOX @320F57,34075,9FFFAF042CFF,-97,1199,-212
15/12/2020 19:11:33.889,1112073,TILEBOX @320F57,34080,B0FF6004B5FF,-80,1120,-75
15/12/2020 19:11:33.889,1112073,TILEBOX @320F57,34083,99FF3404D7FF,-103,1076,-41
15/12/2020 19:11:33.889,1112074,TILEBOX @320F57,34078,BCFF6C0462FF,-68,1132,-158
15/12/2020 19:11:33.910,1112094,TILEBOX @320F57,34087,C8FFE7020B00,-56,743,11
15/12/2020 19:11:33.910,1112094,TILEBOX @320F57,34085,BAFF9E03D6FF,-70,926,-42
15/12/2020 19:11:33.931,1112115,TILEBOX @320F57,34090,EDFF0B022200,-19,523,34
15/12/2020 19:11:33.959,1112143,TILEBOX @320F57,34092,FAFF2C01FBFF,-6,300,-5
15/12/2020 19:11:33.980,1112164,TILEBOX @320F57,34094,FAFF2C01FBFF,-6,300,-5
15/12/2020 19:11:34.000,1112184,TILEBOX @320F57,34097,D5FFD800EFFE,-43,216,-273
15/12/2020 19:11:34.049,1112233,TILEBOX @320F57,34099,F3FF9E00C3FE,-13,158,-317
15/12/2020 19:11:34.049,1112234,TILEBOX @320F57,34101,030005007BFF,3,5,-133
15/12/2020 19:11:34.069,1112253,TILEBOX @320F57,34106,67FF8C00FDFF,-153,140,-3
15/12/2020 19:11:34.069,1112253,TILEBOX @320F57,34104,E1FFE7FF0100,-31,-25,1
15/12/2020 19:11:34.089,1112273,TILEBOX @320F57,34109,8EFF5201A1FF,-114,338,-95
15/12/2020 19:11:34.110,1112294,TILEBOX @320F57,34111,28002DFFE300,40,-211,227
15/12/2020 19:11:34.139,1112323,TILEBOX @320F57,34113,DDFF82FFD3FF,-35,-126,-45
15/12/2020 19:11:34.159,1112343,TILEBOX @320F57,34116,A4FF8D020A00,-92,653,10
15/12/2020 19:11:34.179,1112363,TILEBOX @320F57,34120,D5FFB30292FE,-43,691,-366
15/12/2020 19:11:34.179,1112364,TILEBOX @320F57,34118,A0FFB8021B00,-96,696,27
15/12/2020 19:11:34.229,1112413,TILEBOX @320F57,34123,4000F102B3FF,64,753,-77
15/12/2020 19:11:34.229,1112413,TILEBOX @320F57,34125,11008A032FFF,17,906,-209
15/12/2020 19:11:34.249,1112433,TILEBOX @320F57,34128,47FF82046500,-185,1154,101
15/12/2020 19:11:34.289,1112473,TILEBOX @320F57,34130,8FFF8B04AD00,-113,1163,173
15/12/2020 19:11:34.319,1112503,TILEBOX @320F57,34135,80FFB8041FFE,-128,1208,-481
15/12/2020 19:11:34.319,1112504,TILEBOX @320F57,34132,D1FF590494FE,-47,1113,-364
15/12/2020 19:11:34.339,1112523,TILEBOX @320F57,34139,86FFB10453FF,-122,1201,-173
15/12/2020 19:11:34.339,1112524,TILEBOX @320F57,34137,A6FF7904A1FE,-90,1145,-351
15/12/2020 19:11:34.360,1112544,TILEBOX @320F57,34144,0000F10487FF,0,1265,-121
15/12/2020 19:11:34.360,1112544,TILEBOX @320F57,34142,A8FF410531FF,-88,1345,-207
15/12/2020 19:11:34.469,1112653,TILEBOX @320F57,34147,F1FFDA0485FF,-15,1242,-123
15/12/2020 19:11:34.469,1112653,TILEBOX @320F57,34149,F1FFDA0485FF,-15,1242,-123
15/12/2020 19:11:34.499,1112683,TILEBOX @320F57,34151,BCFF1405FDFF,-68,1300,-3
15/12/2020 19:11:34.499,1112683,TILEBOX @320F57,34154,B9FF4305CAFF,-71,1347,-54
15/12/2020 19:11:34.520,1112704,TILEBOX @320F57,34156,9AFF9F0562FF,-102,1439,-158
15/12/2020 19:11:34.520,1112704,TILEBOX @320F57,34158,B0FF9F05F7FF,-80,1439,-9
15/12/2020 19:11:34.520,1112705,TILEBOX @320F57,34161,C8FFC0058DFF,-56,1472,-115
15/12/2020 19:11:34.520,1112705,TILEBOX @320F57,34163,95FFE10572FF,-107,1505,-142
15/12/2020 19:11:34.540,1112724,TILEBOX @320F57,34166,87FF18065700,-121,1560,87
15/12/2020 19:11:34.561,1112745,TILEBOX @320F57,34168,A2FFE505F7FF,-94,1509,-9
15/12/2020 19:11:34.561,1112746,TILEBOX @320F57,34170,A1FFB6056AFF,-95,1462,-150
15/12/2020 19:11:34.588,1112772,TILEBOX @320F57,34173,83FF9405F2FF,-125,1428,-14
15/12/2020 19:11:34.609,1112793,TILEBOX @320F57,34175,92FFB605E6FF,-110,1462,-26
15/12/2020 19:11:34.630,1112815,TILEBOX @320F57,34177,80FF8A05F3FF,-128,1418,-13
15/12/2020 19:11:34.650,1112835,TILEBOX @320F57,34180,71FF1B050B00,-143,1307,11
15/12/2020 19:11:34.651,1112835,TILEBOX @320F57,34182,64FF22050200,-156,1314,2
15/12/2020 19:11:34.678,1112862,TILEBOX @320F57,34185,81FF0A05CAFF,-127,1290,-54
15/12/2020 19:11:34.798,1112982,TILEBOX @320F57,34187,97FF2B058DFF,-105,1323,-115
15/12/2020 19:11:34.818,1113002,TILEBOX @320F57,34189,9AFFDA044BFF,-102,1242,-181
15/12/2020 19:11:34.838,1113022,TILEBOX @320F57,34192,A1FF9D047FFF,-95,1181,-129
15/12/2020 19:11:34.859,1113043,TILEBOX @320F57,34194,AAFF8304A6FF,-86,1155,-90
15/12/2020 19:11:34.859,1113043,TILEBOX @320F57,34199,82FF0904E6FF,-126,1033,-26
15/12/2020 19:11:34.859,1113044,TILEBOX @320F57,34196,AAFF6704E0FF,-86,1127,-32
15/12/2020 19:11:34.879,1113065,TILEBOX @320F57,34201,A0FF9A0385FF,-96,922,-123
15/12/2020 19:11:34.879,1113066,TILEBOX @320F57,34203,A0FF9A0385FF,-96,922,-123
15/12/2020 19:11:34.879,1113066,TILEBOX @320F57,34206,B1FFE902D7FF,-79,745,-41
15/12/2020 19:11:34.879,1113067,TILEBOX @320F57,34208,D0FFFA01F1FF,-48,506,-15
15/12/2020 19:11:34.900,1113083,TILEBOX @320F57,34213,3700D2005FFF,55,210,-161
15/12/2020 19:11:34.900,1113084,TILEBOX @320F57,34211,22005001C3FF,34,336,-61
15/12/2020 19:11:34.920,1113104,TILEBOX @320F57,34215,E7FF6F0006FF,-25,111,-250
15/12/2020 19:11:34.978,1113162,TILEBOX @320F57,34220,F1FF1C00A0FF,-15,28,-96
15/12/2020 19:11:34.978,1113163,TILEBOX @320F57,34218,F0FF180047FF,-16,24,-185
15/12/2020 19:11:35.008,1113192,TILEBOX @320F57,34222,CBFF910093FF,-53,145,-109
15/12/2020 19:11:35.008,1113192,TILEBOX @320F57,34225,FAFF2A0193FF,-6,298,-109
15/12/2020 19:11:35.029,1113213,TILEBOX @320F57,34227,B9FFFA0080FE,-71,250,-384
15/12/2020 19:11:35.068,1113252,TILEBOX @320F57,34232,0600F2012200,6,498,34
15/12/2020 19:11:35.068,1113253,TILEBOX @320F57,34229,E7FFC80006FE,-25,200,-506
15/12/2020 19:11:35.098,1113282,TILEBOX @320F57,34234,F9FFBB020200,-7,699,2
15/12/2020 19:11:35.118,1113302,TILEBOX @320F57,34236,F6FF210383FE,-10,801,-381
15/12/2020 19:11:35.138,1113322,TILEBOX @320F57,34241,E4FF950367FF,-28,917,-153
15/12/2020 19:11:35.138,1113323,TILEBOX @320F57,34239,9DFFAA03B9FE,-99,938,-327
15/12/2020 19:11:35.159,1113343,TILEBOX @320F57,34244,DBFF4704C0FF,-37,1095,-64
15/12/2020 19:11:35.159,1113343,TILEBOX @320F57,34246,83FF63043CFF,-125,1123,-196
15/12/2020 19:11:35.218,1113401,TILEBOX @320F57,34248,A2FFF203DDFF,-94,1010,-35
15/12/2020 19:11:35.237,1113421,TILEBOX @320F57,34251,83FF7E04EDFF,-125,1150,-19
15/12/2020 19:11:35.258,1113442,TILEBOX @320F57,34253,67FF9F04F5FE,-153,1183,-267
15/12/2020 19:11:35.258,1113443,TILEBOX @320F57,34258,CCFFAA041AFF,-52,1194,-230
15/12/2020 19:11:35.258,1113443,TILEBOX @320F57,34255,CCFFAA041AFF,-52,1194,-230
15/12/2020 19:11:35.279,1113463,TILEBOX @320F57,34260,DFFFC8042EFF,-33,1224,-210
15/12/2020 19:11:35.279,1113465,TILEBOX @320F57,34262,83FFBC04C0FF,-125,1212,-64
15/12/2020 19:11:35.308,1113492,TILEBOX @320F57,34265,86FF0505A9FF,-122,1285,-87
15/12/2020 19:11:35.338,1113522,TILEBOX @320F57,34267,90FF1E0580FF,-112,1310,-128
15/12/2020 19:11:35.357,1113541,TILEBOX @320F57,34270,B2FF30054DFF,-78,1328,-179
15/12/2020 19:11:35.378,1113562,TILEBOX @320F57,34272,F6FF7605EBFE,-10,1398,-277
15/12/2020 19:11:35.398,1113582,TILEBOX @320F57,34274,D4FF6105A1FF,-44,1377,-95
15/12/2020 19:11:35.418,1113602,TILEBOX @320F57,34277,97FF8905E8FF,-105,1417,-24
15/12/2020 19:11:35.440,1113623,TILEBOX @320F57,34282,63FFBE05A8FF,-157,1470,-88
15/12/2020 19:11:35.440,1113624,TILEBOX @320F57,34279,69FFB305BDFF,-151,1459,-67
15/12/2020 19:11:35.461,1113644,TILEBOX @320F57,34284,8EFFA905F3FF,-114,1449,-13
15/12/2020 19:11:35.487,1113671,TILEBOX @320F57,34286,BEFF5E050300,-66,1374,3
15/12/2020 19:11:35.508,1113692,TILEBOX @320F57,34289,C6FF9B05E0FF,-58,1435,-32
15/12/2020 19:11:35.528,1113712,TILEBOX @320F57,34291,B6FFC60599FF,-74,1478,-103
15/12/2020 19:11:35.549,1113733,TILEBOX @320F57,34296,8CFF42051800,-116,1346,24
15/12/2020 19:11:35.549,1113734,TILEBOX @320F57,34293,9EFF81050C00,-98,1409,12
15/12/2020 19:11:35.577,1113761,TILEBOX @320F57,34298,60FF3E05A8FF,-160,1342,-88
15/12/2020 19:11:35.598,1113782,TILEBOX @320F57,34300,71FFFB04E5FF,-143,1275,-27
15/12/2020 19:11:35.619,1113802,TILEBOX @320F57,34303,8CFFD104D3FF,-116,1233,-45
15/12/2020 19:11:35.639,1113823,TILEBOX @320F57,34308,6EFFF304CEFF,-146,1267,-50
15/12/2020 19:11:35.639,1113823,TILEBOX @320F57,34305,5FFF0B05A0FF,-161,1291,-96
15/12/2020 19:11:35.668,1113852,TILEBOX @320F57,34310,B0FFC504DAFF,-80,1221,-38
15/12/2020 19:11:35.698,1113881,TILEBOX @320F57,34312,B0FFC504DAFF,-80,1221,-38
15/12/2020 19:11:35.718,1113902,TILEBOX @320F57,34315,D9FF9304A6FF,-39,1171,-90
15/12/2020 19:11:35.738,1113922,TILEBOX @320F57,34319,B9FFCB03DBFF,-71,971,-37
15/12/2020 19:11:35.738,1113923,TILEBOX @320F57,34317,CFFF4704E8FF,-49,1095,-24
15/12/2020 19:11:35.759,1113943,TILEBOX @320F57,34322,ACFF00030D00,-84,768,13
15/12/2020 19:11:35.787,1113971,TILEBOX @320F57,34324,A3FF19023F00,-93,537,63
15/12/2020 19:11:35.808,1113992,TILEBOX @320F57,34327,CEFF6001A4FF,-50,352,-92
15/12/2020 19:11:35.829,1114013,TILEBOX @320F57,34329,4400FA00EFFE,68,250,-273
15/12/2020 19:11:35.877,1114061,TILEBOX @320F57,34331,59007B00FDFE,89,123,-259
15/12/2020 19:11:35.877,1114062,TILEBOX @320F57,34333,EDFF020081FF,-19,2,-127
15/12/2020 19:11:35.897,1114081,TILEBOX @320F57,34338,B3FFAC000000,-77,172,0
15/12/2020 19:11:35.897,1114081,TILEBOX @320F57,34336,8BFF3500D1FF,-117,53,-47
15/12/2020 19:11:35.917,1114101,TILEBOX @320F57,34341,9CFF2F014400,-100,303,68
15/12/2020 19:11:35.938,1114122,TILEBOX @320F57,34345,BFFFA00198FE,-65,416,-360
15/12/2020 19:11:35.938,1114122,TILEBOX @320F57,34343,34FF2C010C00,-204,300,12
15/12/2020 19:11:35.967,1114151,TILEBOX @320F57,34348,06006F023EFF,6,623,-194
15/12/2020 19:11:35.997,1114181,TILEBOX @320F57,34350,FAFF92028CFF,-6,658,-116
15/12/2020 19:11:36.018,1114202,TILEBOX @320F57,34353,FDFF060355FE,-3,774,-427
15/12/2020 19:11:36.057,1114241,TILEBOX @320F57,34357,0700F0031800,7,1008,24
15/12/2020 19:11:36.057,1114241,TILEBOX @320F57,34355,ECFF9103A1FF,-20,913,-95
15/12/2020 19:11:36.077,1114261,TILEBOX @320F57,34360,95FF0904F1FE,-107,1033,-271
15/12/2020 19:11:36.098,1114282,TILEBOX @320F57,34364,89FF9C040300,-119,1180,3
15/12/2020 19:11:36.098,1114282,TILEBOX @320F57,34362,8BFF4B047EFE,-117,1099,-386
15/12/2020 19:11:36.118,1114302,TILEBOX @320F57,34367,89FF9C040300,-119,1180,3
15/12/2020 19:11:36.147,1114331,TILEBOX @320F57,34369,56FFF3044800,-170,1267,72
15/12/2020 19:11:36.168,1114351,TILEBOX @320F57,34372,A2FFA204E2FE,-94,1186,-286
15/12/2020 19:11:36.188,1114372,TILEBOX @320F57,34374,DCFF650484FF,-36,1125,-124
15/12/2020 19:11:36.188,1114372,TILEBOX @320F57,34376,A3FF73040BFF,-93,1139,-245
15/12/2020 19:11:36.208,1114392,TILEBOX @320F57,34379,5DFF2D0423FF,-163,1069,-221
15/12/2020 19:11:36.237,1114421,TILEBOX @320F57,34381,A5FFD904BBFF,-91,1241,-69
15/12/2020 19:11:36.257,1114441,TILEBOX @320F57,34383,B5FF370559FF,-75,1335,-167
15/12/2020 19:11:36.277,1114461,TILEBOX @320F57,34388,B6FF06060400,-74,1542,4
15/12/2020 19:11:36.277,1114462,TILEBOX @320F57,34386,B9FF8605D3FF,-71,1414,-45
15/12/2020 19:11:36.298,1114482,TILEBOX @320F57,34391,82FFE805ECFF,-126,1512,-20
15/12/2020 19:11:36.357,1114541,TILEBOX @320F57,34395,53FFEC052C00,-173,1516,44
15/12/2020 19:11:36.357,1114541,TILEBOX @320F57,34393,75FFEF052C00,-139,1519,44
15/12/2020 19:11:36.377,1114560,TILEBOX @320F57,34398,32FFF605BDFF,-206,1526,-67
15/12/2020 19:11:36.397,1114580,TILEBOX @320F57,34402,74FFB605F7FF,-140,1462,-9
15/12/2020 19:11:36.397,1114581,TILEBOX @320F57,34400,2EFFFA054B00,-210,1530,75
15/12/2020 19:11:36.477,1114660,TILEBOX @320F57,34407,85FF7D0567FF,-123,1405,-153
15/12/2020 19:11:36.476,1114661,TILEBOX @320F57,34405,87FFA7053AFF,-121,1447,-198
15/12/2020 19:11:36.496,1114680,TILEBOX @320F57,34412,5AFF3005BFFF,-166,1328,-65
15/12/2020 19:11:36.496,1114681,TILEBOX @320F57,34414,4BFF1A0591FF,-181,1306,-111
15/12/2020 19:11:36.496,1114681,TILEBOX @320F57,34410,8EFF5605D1FF,-114,1366,-47
15/12/2020 19:11:36.517,1114701,TILEBOX @320F57,34417,6AFFF904DAFF,-150,1273,-38
15/12/2020 19:11:36.538,1114722,TILEBOX @320F57,34421,9BFFD604E3FF,-101,1238,-29
15/12/2020 19:11:36.538,1114722,TILEBOX @320F57,34419,9BFFD604E3FF,-101,1238,-29
15/12/2020 19:11:36.597,1114780,TILEBOX @320F57,34426,80FFCB0491FF,-128,1227,-111
15/12/2020 19:11:36.596,1114781,TILEBOX @320F57,34424,A5FFDB04C1FF,-91,1243,-63
15/12/2020 19:11:36.616,1114800,TILEBOX @320F57,34428,8DFFA6048BFF,-115,1190,-117
15/12/2020 19:11:36.637,1114821,TILEBOX @320F57,34431,A2FF5A04C9FF,-94,1114,-55
15/12/2020 19:11:36.657,1114841,TILEBOX @320F57,34433,A0FF1804FAFF,-96,1048,-6
15/12/2020 19:11:36.686,1114870,TILEBOX @320F57,34438,CDFF3403CBFF,-51,820,-53
15/12/2020 19:11:36.686,1114871,TILEBOX @320F57,34436,C4FFC203C9FF,-60,962,-55
15/12/2020 19:11:36.706,1114890,TILEBOX @320F57,34440,CEFF7902D6FF,-50,633,-42
15/12/2020 19:11:36.727,1114910,TILEBOX @320F57,34445,FAFFF301A3FF,-6,499,-93
15/12/2020 19:11:36.726,1114911,TILEBOX @320F57,34443,D3FF0E02BDFF,-45,526,-67
15/12/2020 19:11:36.747,1114931,TILEBOX @320F57,34447,EEFF9101DCFF,-18,401,-36
15/12/2020 19:11:36.776,1114960,TILEBOX @320F57,34450,CFFF6701EAFF,-49,359,-22
15/12/2020 19:11:36.797,1114980,TILEBOX @320F57,34452,E2FFCB01B0FF,-30,459,-80
15/12/2020 19:11:36.836,1115020,TILEBOX @320F57,34457,BCFF6002DEFF,-68,608,-34
15/12/2020 19:11:36.836,1115020,TILEBOX @320F57,34454,CDFF1C02BDFF,-51,540,-67
15/12/2020 19:11:36.856,1115040,TILEBOX @320F57,34459,1800B0022300,24,688,35
15/12/2020 19:11:36.876,1115060,TILEBOX @320F57,34464,00007E030D00,0,894,13
15/12/2020 19:11:36.876,1115061,TILEBOX @320F57,34461,270017031800,39,791,24
15/12/2020 19:11:36.897,1115080,TILEBOX @320F57,34466,0F00B9031D00,15,953,29
15/12/2020 19:11:36.926,1115110,TILEBOX @320F57,34469,4E0033041700,78,1075,23
15/12/2020 19:11:36.946,1115130,TILEBOX @320F57,34471,5B004A041E00,91,1098,30
15/12/2020 19:11:36.967,1115151,TILEBOX @320F57,34473,020014043E00,2,1044,62
15/12/2020 19:11:37.016,1115200,TILEBOX @320F57,34476,020014043E00,2,1044,62
15/12/2020 19:11:37.016,1115201,TILEBOX @320F57,34478,DFFF3804E7FF,-33,1080,-25
15/12/2020 19:11:37.036,1115220,TILEBOX @320F57,34483,300035048000,48,1077,128
15/12/2020 19:11:37.036,1115220,TILEBOX @320F57,34480,09005C040500,9,1116,5
15/12/2020 19:11:37.057,1115241,TILEBOX @320F57,34485,1A001D044200,26,1053,66
15/12/2020 19:11:37.078,1115262,TILEBOX @320F57,34490,1700F9033C00,23,1017,60
15/12/2020 19:11:37.078,1115262,TILEBOX @320F57,34487,090006043F00,9,1030,63
15/12/2020 19:11:37.106,1115290,TILEBOX @320F57,34492,3E00E2033100,62,994,49
15/12/2020 19:11:37.136,1115320,TILEBOX @320F57,34495,2A00AA030400,42,938,4
15/12/2020 19:11:37.155,1115339,TILEBOX @320F57,34497,1F00A703F6FF,31,935,-10
15/12/2020 19:11:37.176,1115360,TILEBOX @320F57,34502,5E00AE031300,94,942,19
15/12/2020 19:11:37.176,1115360,TILEBOX @320F57,34499,4000B3032D00,64,947,45
15/12/2020 19:11:37.196,1115380,TILEBOX @320F57,34504,48009F03EDFF,72,927,-19
15/12/2020 19:11:37.226,1115410,TILEBOX @320F57,34509,5300C403E6FF,83,964,-26
15/12/2020 19:11:37.226,1115410,TILEBOX @320F57,34507,3A00C903E0FF,58,969,-32
15/12/2020 19:11:37.255,1115439,TILEBOX @320F57,34511,4F00A103D8FF,79,929,-40
15/12/2020 19:11:37.276,1115460,TILEBOX @320F57,34514,4000BD03CCFF,64,957,-52
15/12/2020 19:11:37.297,1115481,TILEBOX @320F57,34516,5200EA03CEFF,82,1002,-50
15/12/2020 19:11:37.318,1115502,TILEBOX @320F57,34521,5C009C03AAFF,92,924,-86
15/12/2020 19:11:37.318,1115503,TILEBOX @320F57,34518,5E00C403CFFF,94,964,-49
15/12/2020 19:11:37.346,1115530,TILEBOX @320F57,34523,8200C90385FF,130,969,-123
15/12/2020 19:11:37.376,1115560,TILEBOX @320F57,34525,9200D203AAFF,146,978,-86
15/12/2020 19:11:37.396,1115580,TILEBOX @320F57,34528,7200A503C1FF,114,933,-63
15/12/2020 19:11:37.417,1115601,TILEBOX @320F57,34533,5C008F039EFF,92,911,-98
15/12/2020 19:11:37.417,1115601,TILEBOX @320F57,34530,7200A503C1FF,114,933,-63
15/12/2020 19:11:37.438,1115622,TILEBOX @320F57,34535,6A00AC0366FF,106,940,-154
15/12/2020 19:11:37.466,1115650,TILEBOX @320F57,34540,7D00AF0397FF,125,943,-105
15/12/2020 19:11:37.466,1115651,TILEBOX @320F57,34537,7F00C70375FF,127,967,-139
15/12/2020 19:11:37.496,1115680,TILEBOX @320F57,34542,2C03B102ECFB,812,689,-1044
15/12/2020 19:11:37.555,1115739,TILEBOX @320F57,34544,F5027E030BFC,757,894,-1013
15/12/2020 19:11:37.576,1115759,TILEBOX @320F57,34549,42013905F0FA,322,1337,-1296
15/12/2020 19:11:37.576,1115760,TILEBOX @320F57,34552,F500D103BAFD,245,977,-582
15/12/2020 19:11:37.576,1115760,TILEBOX @320F57,34547,D10100040BFC,465,1024,-1013
15/12/2020 19:11:37.596,1115780,TILEBOX @320F57,34554,D90164013BFE,473,356,-453
15/12/2020 19:11:37.617,1115801,TILEBOX @320F57,34559,3000DC03B4FD,48,988,-588
15/12/2020 19:11:37.617,1115802,TILEBOX @320F57,34556,CC005803E2FD,204,856,-542
15/12/2020 19:11:37.646,1115830,TILEBOX @320F57,34561,3FFF05054E00,-193,1285,78
15/12/2020 19:11:37.675,1115859,TILEBOX @320F57,34564,0600DF047C00,6,1247,124
15/12/2020 19:11:37.696,1115880,TILEBOX @320F57,34566,A1000204CCFF,161,1026,-52
15/12/2020 19:11:37.717,1115901,TILEBOX @320F57,34571,3FFFD0030BFF,-193,976,-245
15/12/2020 19:11:37.717,1115901,TILEBOX @320F57,34568,E1FFEF03A5FF,-31,1007,-91
15/12/2020 19:11:37.795,1115979,TILEBOX @320F57,34573,69FF290449FF,-151,1065,-183
15/12/2020 19:11:37.795,1115979,TILEBOX @320F57,34575,8B003004B9FE,139,1072,-327
15/12/2020 19:11:37.816,1116000,TILEBOX @320F57,34580,4700800337FF,71,896,-201
15/12/2020 19:11:37.816,1116000,TILEBOX @320F57,34583,0B00620363FF,11,866,-157
15/12/2020 19:11:37.816,1116000,TILEBOX @320F57,34578,D700F60301FF,215,1014,-255
15/12/2020 19:11:37.855,1116039,TILEBOX @320F57,34585,0B00620363FF,11,866,-157
15/12/2020 19:11:37.855,1116039,TILEBOX @320F57,34587,06007B03BAFF,6,891,-70
15/12/2020 19:11:37.876,1116059,TILEBOX @320F57,34590,1C022205CDFF,540,1314,-51
15/12/2020 19:11:37.896,1116080,TILEBOX @320F57,34592,1502F3048CFD,533,1267,-628
15/12/2020 19:11:37.917,1116101,TILEBOX @320F57,34597,03002004BBFB,3,1056,-1093
15/12/2020 19:11:37.917,1116101,TILEBOX @320F57,34594,0C00A8034AFB,12,936,-1206
15/12/2020 19:11:37.975,1116159,TILEBOX @320F57,34599,180088039FFB,24,904,-1121
15/12/2020 19:11:37.995,1116179,TILEBOX @320F57,34604,750070035F00,117,880,95
15/12/2020 19:11:37.995,1116180,TILEBOX @320F57,34602,1E00E102FCFD,30,737,-516
15/12/2020 19:11:38.016,1116200,TILEBOX @320F57,34608,15003A04F4FF,21,1082,-12
15/12/2020 19:11:38.016,1116201,TILEBOX @320F57,34606,76004B04BA00,118,1099,186
15/12/2020 19:11:38.038,1116222,TILEBOX @320F57,34611,5300B40271FF,83,692,-143
15/12/2020 19:11:38.095,1116279,TILEBOX @320F57,34613,5B00D502D0FF,91,725,-48
15/12/2020 19:11:38.125,1116309,TILEBOX @320F57,34616,F400B204E3FB,244,1202,-1053
15/12/2020 19:11:38.125,1116309,TILEBOX @320F57,34618,0D007E06EDF9,13,1662,-1555
15/12/2020 19:11:38.146,1116330,TILEBOX @320F57,34623,99FF7504CFFF,-103,1141,-49
15/12/2020 19:11:38.146,1116331,TILEBOX @320F57,34620,08FF000667FD,-248,1536,-665
15/12/2020 19:11:38.167,1116351,TILEBOX @320F57,34628,C3FF9F043801,-61,1183,312
15/12/2020 19:11:38.167,1116352,TILEBOX @320F57,34625,7AFF7B047500,-134,1147,117
15/12/2020 19:11:38.215,1116399,TILEBOX @320F57,34630,3600DA0440FF,54,1242,-192
15/12/2020 19:11:38.245,1116429,TILEBOX @320F57,34632,36001504BEFE,54,1045,-322
15/12/2020 19:11:38.265,1116449,TILEBOX @320F57,34637,1B009803E7FF,27,920,-25
15/12/2020 19:11:38.265,1116450,TILEBOX @320F57,34639,1F00B30334FF,31,947,-204
15/12/2020 19:11:38.265,1116450,TILEBOX @320F57,34635,1B009803E7FF,27,920,-25
15/12/2020 19:11:38.286,1116470,TILEBOX @320F57,34642,3B00B403CAFE,59,948,-310
15/12/2020 19:11:38.335,1116519,TILEBOX @320F57,34647,30007F03F6FF,48,895,-10
15/12/2020 19:11:38.335,1116519,TILEBOX @320F57,34644,28008F047FFE,40,1167,-385
15/12/2020 19:11:38.355,1116539,TILEBOX @320F57,34649,B900130270FF,185,531,-144
15/12/2020 19:11:38.395,1116579,TILEBOX @320F57,34651,BD00D9022EFF,189,729,-210
15/12/2020 19:11:38.395,1116579,TILEBOX @320F57,34654,4E0003038A00,78,771,138
15/12/2020 19:11:38.415,1116599,TILEBOX @320F57,34658,A4FF9D03DDFE,-92,925,-291
15/12/2020 19:11:38.415,1116599,TILEBOX @320F57,34656,D1FF9D032B00,-47,925,43
15/12/2020 19:11:38.436,1116620,TILEBOX @320F57,34661,FCFF4A03ECFD,-4,842,-532
15/12/2020 19:11:38.456,1116640,TILEBOX @320F57,34666,5000190402FF,80,1049,-254
15/12/2020 19:11:38.456,1116641,TILEBOX @320F57,34663,2900E403D3FE,41,996,-301
15/12/2020 19:11:38.515,1116699,TILEBOX @320F57,34668,6000D003CAFE,96,976,-310
15/12/2020 19:11:38.515,1116699,TILEBOX @320F57,34670,8700A6039CFE,135,934,-356
15/12/2020 19:11:38.534,1116718,TILEBOX @320F57,34673,D8002C02B8FF,216,556,-72
15/12/2020 19:11:38.555,1116739,TILEBOX @320F57,34677,B6FE62FFD7FE,-330,-158,-297
15/12/2020 19:11:38.555,1116740,TILEBOX @320F57,34675,40FF64FC4200,-192,-924,66
15/12/2020 19:11:38.577,1116761,TILEBOX @320F57,34680,E8FF7C0423FF,-24,1148,-221
15/12/2020 19:11:38.614,1116799,TILEBOX @320F57,34682,0EFFF402A303,-242,756,931
15/12/2020 19:11:38.614,1116799,TILEBOX @320F57,34685,5B004D03FC04,91,845,1276
15/12/2020 19:11:38.635,1116819,TILEBOX @320F57,34687,DD0169030401,477,873,260
15/12/2020 19:11:38.665,1116849,TILEBOX @320F57,34692,A40078032600,164,888,38
15/12/2020 19:11:38.665,1116849,TILEBOX @320F57,34689,0001AC03E400,256,940,228
15/12/2020 19:11:38.695,1116879,TILEBOX @320F57,34694,A40078032600,164,888,38
15/12/2020 19:11:38.755,1116938,TILEBOX @320F57,34699,EAFF6B0399FE,-22,875,-359
15/12/2020 19:11:38.754,1116939,TILEBOX @320F57,34696,F8FF6203B4FE,-8,866,-332
15/12/2020 19:11:38.775,1116959,TILEBOX @320F57,34703,4F00B903DCFD,79,953,-548
15/12/2020 19:11:38.775,1116959,TILEBOX @320F57,34701,1C00400353FE,28,832,-429
15/12/2020 19:11:38.796,1116980,TILEBOX @320F57,34706,94001F04BFFD,148,1055,-577
15/12/2020 19:11:38.818,1117001,TILEBOX @320F57,34711,6900A803B4FE,105,936,-332
15/12/2020 19:11:38.817,1117002,TILEBOX @320F57,34708,7500EC03A5FE,117,1004,-347
15/12/2020 19:11:38.844,1117028,TILEBOX @320F57,34713,3B009903D7FE,59,921,-297
15/12/2020 19:11:38.866,1117050,TILEBOX @320F57,34715,FDFF91039BFE,-3,913,-357
15/12/2020 19:11:38.887,1117071,TILEBOX @320F57,34718,0300850391FE,3,901,-367
15/12/2020 19:11:38.908,1117092,TILEBOX @320F57,34722,08005E035CFE,8,862,-420
15/12/2020 19:11:38.908,1117092,TILEBOX @320F57,34720,3A00960381FE,58,918,-383
15/12/2020 19:11:38.934,1117118,TILEBOX @320F57,34725,D7FF8C0391FE,-41,908,-367
15/12/2020 19:11:38.964,1117149,TILEBOX @320F57,34727,B9FFFD0388FE,-71,1021,-376
15/12/2020 19:11:38.994,1117178,TILEBOX @320F57,34729,78FF32046FFE,-136,1074,-401
15/12/2020 19:11:39.015,1117199,TILEBOX @320F57,34734,A8FFCC0331FE,-88,972,-463
15/12/2020 19:11:39.015,1117200,TILEBOX @320F57,34732,92FF46041EFE,-110,1094,-482
15/12/2020 19:11:39.037,1117221,TILEBOX @320F57,34736,80FF4C0352FE,-128,844,-430
15/12/2020 19:11:39.084,1117268,TILEBOX @320F57,34741,96FF810353FE,-106,897,-429
15/12/2020 19:11:39.084,1117269,TILEBOX @320F57,34739,96FF59031FFE,-106,857,-481
15/12/2020 19:11:39.105,1117288,TILEBOX @320F57,34746,BBFF920384FE,-69,914,-380
15/12/2020 19:11:39.104,1117289,TILEBOX @320F57,34744,A1FF8A0379FE,-95,906,-391
15/12/2020 19:11:39.126,1117310,TILEBOX @320F57,34748,BBFF920384FE,-69,914,-380
15/12/2020 19:11:39.149,1117332,TILEBOX @320F57,34753,CBFF29032AFE,-53,809,-470
15/12/2020 19:11:39.149,1117333,TILEBOX @320F57,34751,BAFF640360FE,-70,868,-416
15/12/2020 19:11:39.174,1117358,TILEBOX @320F57,34755,DCFF2E0304FE,-36,814,-508
15/12/2020 19:11:39.204,1117388,TILEBOX @320F57,34758,A2FF3C030EFE,-94,828,-498
15/12/2020 19:11:39.225,1117409,TILEBOX @320F57,34760,8FFF6003F9FD,-113,864,-519
15/12/2020 19:11:39.247,1117431,TILEBOX @320F57,34762,8FFF610309FE,-113,865,-503
15/12/2020 19:11:39.268,1117452,TILEBOX @320F57,34765,8CFF49032EFE,-116,841,-466
15/12/2020 19:11:39.268,1117453,TILEBOX @320F57,34767,B9FF40032FFE,-71,832,-465
15/12/2020 19:11:39.294,1117478,TILEBOX @320F57,34770,8CFF4E032FFE,-116,846,-465
15/12/2020 19:11:39.315,1117499,TILEBOX @320F57,34772,5AFF5603D0FD,-166,854,-560
15/12/2020 19:11:39.337,1117520,TILEBOX @320F57,34774,4AFF3C037AFD,-182,828,-646
15/12/2020 19:11:39.358,1117542,TILEBOX @320F57,34779,BCFFF5022BFD,-68,757,-725
15/12/2020 19:11:39.358,1117542,TILEBOX @320F57,34777,95FF060335FD,-107,774,-715
15/12/2020 19:11:39.384,1117568,TILEBOX @320F57,34784,6BFFAA0207FD,-149,682,-761
15/12/2020 19:11:39.384,1117568,TILEBOX @320F57,34782,5BFFE10232FD,-165,737,-718
15/12/2020 19:11:39.444,1117628,TILEBOX @320F57,34789,DDFFCD01FDFC,-35,461,-771
15/12/2020 19:11:39.444,1117628,TILEBOX @320F57,34786,01001A021BFD,1,538,-741
15/12/2020 19:11:39.464,1117648,TILEBOX @320F57,34791,72FF1D0254FC,-142,541,-940
15/12/2020 19:11:39.504,1117688,TILEBOX @320F57,34793,53FF4102C5FB,-173,577,-1083
15/12/2020 19:11:39.504,1117688,TILEBOX @320F57,34796,28FF2F020FFB,-216,559,-1265
15/12/2020 19:11:39.524,1117708,TILEBOX @320F57,34798,D7FEBD017AFA,-297,445,-1414
15/12/2020 19:11:39.545,1117729,TILEBOX @320F57,34800,DDFF990135FB,-35,409,-1227
15/12/2020 19:11:39.566,1117750,TILEBOX @320F57,34805,56009C013DFC,86,412,-963
15/12/2020 19:11:39.566,1117751,TILEBOX @320F57,34803,DDFF990135FB,-35,409,-1227
15/12/2020 19:11:39.594,1117778,TILEBOX @320F57,34808,11FFFE00C3FC,-239,254,-829
15/12/2020 19:11:39.616,1117799,TILEBOX @320F57,34810,3CFFA200A6FC,-196,162,-858
15/12/2020 19:11:39.637,1117821,TILEBOX @320F57,34812,D5FF7400A1FB,-43,116,-1119
15/12/2020 19:11:39.659,1117843,TILEBOX @320F57,34817,2000FD00BDFA,32,253,-1347
15/12/2020 19:11:39.659,1117844,TILEBOX @320F57,34815,8BFF4D00F0FA,-117,77,-1296
15/12/2020 19:11:39.683,1117867,TILEBOX @320F57,34819,8A00A901F7FA,138,425,-1289
15/12/2020 19:11:39.705,1117889,TILEBOX @320F57,34822,62FFBF0116FC,-158,447,-1002
15/12/2020 19:11:39.726,1117910,TILEBOX @320F57,34824,A6FECE014FFD,-346,462,-689
15/12/2020 19:11:39.747,1117931,TILEBOX @320F57,34829,BAFE68026CFE,-326,616,-404
15/12/2020 19:11:39.747,1117932,TILEBOX @320F57,34827,73FE0B02FFFD,-397,523,-513
15/12/2020 19:11:39.773,1117957,TILEBOX @320F57,34831,1EFFBF0201FF,-226,703,-255
15/12/2020 19:11:39.833,1118017,TILEBOX @320F57,34834,42FF1D0376FF,-190,797,-138
15/12/2020 19:11:39.854,1118038,TILEBOX @320F57,34839,39FF8A03F0FF,-199,906,-16
15/12/2020 19:11:39.854,1118038,TILEBOX @320F57,34841,7AFF95030100,-134,917,1
15/12/2020 19:11:39.854,1118039,TILEBOX @320F57,34836,45FF6903D0FF,-187,873,-48
15/12/2020 19:11:39.875,1118059,TILEBOX @320F57,34843,C1FF9A036300,-63,922,99
15/12/2020 19:11:39.897,1118081,TILEBOX @320F57,34848,FDFFA0038400,-3,928,132
15/12/2020 19:11:39.897,1118082,TILEBOX @320F57,34846,F1FF9E038000,-15,926,128
15/12/2020 19:11:39.923,1118108,TILEBOX @320F57,34850,FDFF9E03BA00,-3,926,186
15/12/2020 19:11:39.947,1118131,TILEBOX @320F57,34853,2E008B030B01,46,907,267
15/12/2020 19:11:39.970,1118154,TILEBOX @320F57,34855,90006E032801,144,878,296
15/12/2020 19:11:39.993,1118179,TILEBOX @320F57,34858,90006E032801,144,878,296
15/12/2020 19:11:39.993,1118179,TILEBOX @320F57,34860,AF0050032001,175,848,288
15/12/2020 19:11:40.016,1118200,TILEBOX @320F57,34862,570041037201,87,833,370
15/12/2020 19:11:40.052,1118236,TILEBOX @320F57,34865,1D003D038E01,29,829,398
15/12/2020 19:11:40.052,1118237,TILEBOX @320F57,34867,790036036E01,121,822,366
15/12/2020 19:11:40.073,1118257,TILEBOX @320F57,34869,D20031039801,210,817,408
15/12/2020 19:11:40.074,1118258,TILEBOX @320F57,34872,C5003303EC01,197,819,492
15/12/2020 19:11:40.103,1118287,TILEBOX @320F57,34874,9B004E031D02,155,846,541
15/12/2020 19:11:40.163,1118347,TILEBOX @320F57,34876,BA004B033302,186,843,563
15/12/2020 19:11:40.183,1118367,TILEBOX @320F57,34881,FF0026032802,255,806,552
15/12/2020 19:11:40.183,1118368,TILEBOX @320F57,34879,FA0026033702,250,806,567
15/12/2020 19:11:40.205,1118389,TILEBOX @320F57,34886,BA0020033C02,186,800,572
15/12/2020 19:11:40.205,1118390,TILEBOX @320F57,34884,E00027032B02,224,807,555
15/12/2020 19:11:40.227,1118411,TILEBOX @320F57,34891,D80022034B02,216,802,587
15/12/2020 19:11:40.227,1118411,TILEBOX @320F57,34888,C50023035202,197,803,594
15/12/2020 19:11:40.283,1118467,TILEBOX @320F57,34893,CE0014032202,206,788,546
15/12/2020 19:11:40.304,1118487,TILEBOX @320F57,34898,0401CE022502,260,718,549
15/12/2020 19:11:40.304,1118488,TILEBOX @320F57,34895,D100ED020302,209,749,515
15/12/2020 19:11:40.325,1118509,TILEBOX @320F57,34900,3401B9027902,308,697,633
15/12/2020 19:11:40.347,1118531,TILEBOX @320F57,34903,430189028202,323,649,642
15/12/2020 19:11:40.347,1118532,TILEBOX @320F57,34905,2F0174024C02,303,628,588
15/12/2020 19:11:40.373,1118557,TILEBOX @320F57,34907,060163022302,262,611,547
15/12/2020 19:11:40.394,1118578,TILEBOX @320F57,34910,010130021902,257,560,537
15/12/2020 19:11:40.416,1118600,TILEBOX @320F57,34912,010130021902,257,560,537
15/12/2020 19:11:40.438,1118622,TILEBOX @320F57,34917,2801DE015A02,296,478,602
15/12/2020 19:11:40.438,1118622,TILEBOX @320F57,34914,130104024002,275,516,576
15/12/2020 19:11:40.553,1118737,TILEBOX @320F57,34919,2201AC013C02,290,428,572
15/12/2020 19:11:40.553,1118737,TILEBOX @320F57,34922,FF0062012402,255,354,548
15/12/2020 19:11:40.574,1118758,TILEBOX @320F57,34926,EF019900F302,495,153,755
15/12/2020 19:11:40.574,1118760,TILEBOX @320F57,34929,2E024C006E03,558,76,878
15/12/2020 19:11:40.574,1118761,TILEBOX @320F57,34931,E1010900C703,481,9,967
15/12/2020 19:11:40.574,1118761,TILEBOX @320F57,34924,4801FF006E02,328,255,622
15/12/2020 19:11:40.595,1118779,TILEBOX @320F57,34933,A901B8FF0204,425,-72,1026
15/12/2020 19:11:40.595,1118779,TILEBOX @320F57,34936,D80169FF4F04,472,-151,1103
15/12/2020 19:11:40.617,1118801,TILEBOX @320F57,34938,EA0138FFA004,490,-200,1184
15/12/2020 19:11:40.673,1118857,TILEBOX @320F57,34943,68011BFFB104,360,-229,1201
15/12/2020 19:11:40.673,1118857,TILEBOX @320F57,34941,A00121FFBF04,416,-223,1215
15/12/2020 19:11:40.694,1118877,TILEBOX @320F57,34948,F20125FF5904,498,-219,1113
15/12/2020 19:11:40.694,1118878,TILEBOX @320F57,34945,A1011DFF8204,417,-227,1154
15/12/2020 19:11:40.715,1118899,TILEBOX @320F57,34950,2D021AFF5E04,557,-230,1118
15/12/2020 19:11:40.737,1118920,TILEBOX @320F57,34955,08028FFE1905,520,-369,1305
15/12/2020 19:11:40.736,1118921,TILEBOX @320F57,34952,3202E9FE6004,562,-279,1120
15/12/2020 19:11:40.763,1118947,TILEBOX @320F57,34957,A60169FEDB05,422,-407,1499
15/12/2020 19:11:40.793,1118977,TILEBOX @320F57,34960,1A0182FE0A05,282,-382,1290
15/12/2020 19:11:40.815,1118999,TILEBOX @320F57,34962,D700A1FED303,215,-351,979
15/12/2020 19:11:40.837,1119021,TILEBOX @320F57,34967,CB00E4FE6403,203,-284,868
15/12/2020 19:11:40.837,1119021,TILEBOX @320F57,34964,CB00E4FE6403,203,-284,868
15/12/2020 19:11:40.862,1119046,TILEBOX @320F57,34969,E60026FF6803,230,-218,872
15/12/2020 19:11:40.886,1119070,TILEBOX @320F57,34971,42014DFF7403,322,-179,884
15/12/2020 19:11:40.910,1119094,TILEBOX @320F57,34974,D4016FFF7303,468,-145,883
15/12/2020 19:11:40.934,1119118,TILEBOX @320F57,34978,970280FF3F03,663,-128,831
15/12/2020 19:11:40.934,1119119,TILEBOX @320F57,34976,560288FF4C03,598,-120,844
15/12/2020 19:11:40.956,1119140,TILEBOX @320F57,34981,81026FFF6D03,641,-145,877
15/12/2020 19:11:40.977,1119161,TILEBOX @320F57,34986,F8015FFF7703,504,-161,887
15/12/2020 19:11:40.977,1119162,TILEBOX @320F57,34983,330269FF7C03,563,-151,892
15/12/2020 19:11:41.003,1119186,TILEBOX @320F57,34988,D80150FF7C03,472,-176,892
15/12/2020 19:11:41.032,1119216,TILEBOX @320F57,34990,BB012DFF8703,443,-211,903
15/12/2020 19:11:41.054,1119238,TILEBOX @320F57,34993,8D0113FF8E03,397,-237,910
15/12/2020 19:11:41.075,1119259,TILEBOX @320F57,34997,3901E9FE9503,313,-279,917
15/12/2020 19:11:41.075,1119260,TILEBOX @320F57,34995,4A0100FF9103,330,-256,913
15/12/2020 19:11:41.122,1119306,TILEBOX @320F57,35002,A401FEFE6F03,420,-258,879
15/12/2020 19:11:41.122,1119307,TILEBOX @320F57,35000,6201EEFE8C03,354,-274,908
15/12/2020 19:11:41.143,1119327,TILEBOX @320F57,35004,D50112FF5B03,469,-238,859
15/12/2020 19:11:41.182,1119366,TILEBOX @320F57,35007,CF0123FF6603,463,-221,870
15/12/2020 19:11:41.203,1119387,TILEBOX @320F57,35011,B7011EFF6F03,439,-226,879
15/12/2020 19:11:41.203,1119387,TILEBOX @320F57,35009,B10122FF7503,433,-222,885
15/12/2020 19:11:41.225,1119409,TILEBOX @320F57,35016,D0013BFF6703,464,-197,871
15/12/2020 19:11:41.225,1119410,TILEBOX @320F57,35014,CE012AFF6303,462,-214,867
15/12/2020 19:11:41.246,1119431,TILEBOX @320F57,35019,CC0149FF6E03,460,-183,878
15/12/2020 19:11:41.302,1119486,TILEBOX @320F57,35021,CC0149FF6E03,460,-183,878
15/12/2020 19:11:41.326,1119515,TILEBOX @320F57,35026,B80151FF7703,440,-175,887
15/12/2020 19:11:41.326,1119516,TILEBOX @320F57,35023,C00150FF7403,448,-176,884
15/12/2020 19:11:41.352,1119536,TILEBOX @320F57,35028,C6014DFF7003,454,-179,880
15/12/2020 19:11:41.352,1119536,TILEBOX @320F57,35030,D8014BFF6F03,472,-181,879
15/12/2020 19:11:41.372,1119556,TILEBOX @320F57,35033,CF014DFF7903,463,-179,889
15/12/2020 19:11:41.372,1119556,TILEBOX @320F57,35035,BE014CFF7D03,446,-180,893
15/12/2020 19:11:41.393,1119577,TILEBOX @320F57,35037,B30147FF8303,435,-185,899
15/12/2020 19:11:41.438,1119622,TILEBOX @320F57,35040,B60144FF7F03,438,-188,895
15/12/2020 19:11:41.438,1119622,TILEBOX @320F57,35042,C4014BFF7703,452,-181,887
15/12/2020 19:11:41.494,1119678,TILEBOX @320F57,35047,C10163FF7F03,449,-157,895
15/12/2020 19:11:41.494,1119679,TILEBOX @320F57,35049,CD0167FF7D03,461,-153,893
15/12/2020 19:11:41.494,1119679,TILEBOX @320F57,35045,C30159FF7A03,451,-167,890
15/12/2020 19:11:41.517,1119701,TILEBOX @320F57,35052,D90163FF6C03,473,-157,876
15/12/2020 19:11:41.517,1119702,TILEBOX @320F57,35054,E30159FF6103,483,-167,865
15/12/2020 19:11:41.562,1119746,TILEBOX @320F57,35057,F00150FF6003,496,-176,864
15/12/2020 19:11:41.587,1119771,TILEBOX @320F57,35061,E0015EFF6803,480,-162,872
15/12/2020 19:11:41.587,1119771,TILEBOX @320F57,35059,EB0152FF6203,491,-174,866
15/12/2020 19:11:41.612,1119796,TILEBOX @320F57,35064,E50163FF6503,485,-157,869
15/12/2020 19:11:41.637,1119821,TILEBOX @320F57,35066,EF015FFF6003,495,-161,864
15/12/2020 19:11:41.637,1119822,TILEBOX @320F57,35068,E80163FF6D03,488,-157,877
15/12/2020 19:11:41.662,1119846,TILEBOX @320F57,35071,EB016BFF6E03,491,-149,878
15/12/2020 19:11:41.692,1119876,TILEBOX @320F57,35073,FB016DFF6303,507,-147,867
15/12/2020 19:11:41.718,1119902,TILEBOX @320F57,35075,EC0173FF6903,492,-141,873
15/12/2020 19:11:41.742,1119926,TILEBOX @320F57,35078,EC0173FF6903,492,-141,873
15/12/2020 19:11:41.742,1119926,TILEBOX @320F57,35080,DC0179FF7003,476,-135,880
15/12/2020 19:11:41.767,1119951,TILEBOX @320F57,35083,DF017FFF6F03,479,-129,879
15/12/2020 19:11:41.791,1119975,TILEBOX @320F57,35085,E30182FF7103,483,-126,881
15/12/2020 19:11:41.791,1119976,TILEBOX @320F57,35087,D7017FFF7A03,471,-129,890
15/12/2020 19:11:41.817,1120001,TILEBOX @320F57,35090,CF0178FF7803,463,-136,888
15/12/2020 19:11:41.817,1120001,TILEBOX @320F57,35092,D80171FF7003,472,-143,880
15/12/2020 19:11:41.860,1120045,TILEBOX @320F57,35094,EB016EFF6503,491,-146,869
15/12/2020 19:11:41.885,1120069,TILEBOX @320F57,35097,FB0171FF5F03,507,-143,863
15/12/2020 19:11:41.885,1120070,TILEBOX @320F57,35099,FA0177FF6203,506,-137,866
15/12/2020 19:11:41.909,1120094,TILEBOX @320F57,35102,F0017CFF6703,496,-132,871
15/12/2020 19:11:41.909,1120095,TILEBOX @320F57,35104,EB017EFF6B03,491,-130,875
15/12/2020 19:11:41.962,1120146,TILEBOX @320F57,35106,F0017EFF6803,496,-130,872
15/12/2020 19:11:41.962,1120146,TILEBOX @320F57,35109,FB0178FF5F03,507,-136,863
15/12/2020 19:11:41.983,1120166,TILEBOX @320F57,35111,FA0171FF5E03,506,-143,862
15/12/2020 19:11:42.006,1120190,TILEBOX @320F57,35114,EE016FFF6203,494,-145,866
15/12/2020 19:11:42.029,1120213,TILEBOX @320F57,35118,E50170FF6903,485,-144,873
15/12/2020 19:11:42.029,1120213,TILEBOX @320F57,35116,EB016EFF6503,491,-146,869
15/12/2020 19:11:42.052,1120236,TILEBOX @320F57,35121,E20174FF6A03,482,-140,874
15/12/2020 19:11:42.079,1120264,TILEBOX @320F57,35123,ED0178FF6803,493,-136,872
15/12/2020 19:11:42.105,1120289,TILEBOX @320F57,35125,F80177FF6203,504,-137,866
15/12/2020 19:11:42.130,1120314,TILEBOX @320F57,35128,F80175FF6103,504,-139,865
15/12/2020 19:11:42.130,1120314,TILEBOX @320F57,35130,EF016FFF6703,495,-145,871
15/12/2020 19:11:42.153,1120337,TILEBOX @320F57,35133,EF016FFF6703,495,-145,871
15/12/2020 19:11:42.180,1120364,TILEBOX @320F57,35135,E7016AFF6903,487,-150,873
15/12/2020 19:11:42.215,1120399,TILEBOX @320F57,35140,E60169FF6603,486,-151,870
15/12/2020 19:11:42.215,1120399,TILEBOX @320F57,35142,ED0174FF6703,493,-140,871
15/12/2020 19:11:42.214,1120400,TILEBOX @320F57,35137,E10168FF6903,481,-152,873
15/12/2020 19:11:42.238,1120422,TILEBOX @320F57,35144,EA017BFF6A03,490,-133,874
15/12/2020 19:11:42.261,1120445,TILEBOX @320F57,35147,E6017BFF6903,486,-133,873
15/12/2020 19:11:42.285,1120469,TILEBOX @320F57,35149,EF0176FF6503,495,-138,869
15/12/2020 19:11:42.309,1120493,TILEBOX @320F57,35151,F60171FF5F03,502,-143,863
15/12/2020 19:11:42.333,1120517,TILEBOX @320F57,35156,040277FF5B03,516,-137,859
15/12/2020 19:11:42.333,1120518,TILEBOX @320F57,35154,FB0171FF5E03,507,-143,862
15/12/2020 19:11:42.355,1120539,TILEBOX @320F57,35161,F90177FF6203,505,-137,866
15/12/2020 19:11:42.355,1120540,TILEBOX @320F57,35159,00027BFF5D03,512,-133,861
15/12/2020 19:11:42.382,1120566,TILEBOX @320F57,35163,F40170FF6603,500,-144,870
15/12/2020 19:11:42.411,1120595,TILEBOX @320F57,35166,EF0170FF6803,495,-144,872
15/12/2020 19:11:42.435,1120619,TILEBOX @320F57,35168,F00173FF6603,496,-141,870
15/12/2020 19:11:42.458,1120642,TILEBOX @320F57,35170,F70178FF6303,503,-136,867
15/12/2020 19:11:42.482,1120667,TILEBOX @320F57,35173,F60179FF6303,502,-135,867
15/12/2020 19:11:42.482,1120667,TILEBOX @320F57,35175,F10176FF6603,497,-138,870
15/12/2020 19:11:42.532,1120716,TILEBOX @320F57,35180,DD0173FF6C03,477,-141,876
15/12/2020 19:11:42.532,1120716,TILEBOX @320F57,35178,E90176FF6903,489,-138,873
15/12/2020 19:11:42.561,1120745,TILEBOX @320F57,35185,EF017AFF6403,495,-134,868
15/12/2020 19:11:42.561,1120746,TILEBOX @320F57,35182,DE0172FF6A03,478,-142,874
15/12/2020 19:11:42.585,1120769,TILEBOX @320F57,35187,EF017AFF6403,495,-134,868
15/12/2020 19:11:42.607,1120791,TILEBOX @320F57,35189,F70182FF6203,503,-126,866
